stichtag;kreis_id;kreis_name;m�nnlich;m�nnlich;m�nnlich;m�nnlich;m�nnlich;m�nnlich;m�nnlich;m�nnlich;m�nnlich;m�nnlich;m�nnlich;m�nnlich;m�nnlich;m�nnlich;m�nnlich;m�nnlich;m�nnlich;weiblich;weiblich;weiblich;weiblich;weiblich;weiblich;weiblich;weiblich;weiblich;weiblich;weiblich;weiblich;weiblich;weiblich;weiblich;weiblich;weiblich
stichtag;kreis_id;kreis_name;unter 3 Jahre;3 bis unter 6 Jahre;6 bis unter 10 Jahre;10 bis unter 15 Jahre;15 bis unter 18 Jahre;18 bis unter 20 Jahre;20 bis unter 25 Jahre;25 bis unter 30 Jahre;30 bis unter 35 Jahre;35 bis unter 40 Jahre;40 bis unter 45 Jahre;45 bis unter 50 Jahre;50 bis unter 55 Jahre;55 bis unter 60 Jahre;60 bis unter 65 Jahre;65 bis unter 75 Jahre;75 Jahre und mehr;unter 3 Jahre;3 bis unter 6 Jahre;6 bis unter 10 Jahre;10 bis unter 15 Jahre;15 bis unter 18 Jahre;18 bis unter 20 Jahre;20 bis unter 25 Jahre;25 bis unter 30 Jahre;30 bis unter 35 Jahre;35 bis unter 40 Jahre;40 bis unter 45 Jahre;45 bis unter 50 Jahre;50 bis unter 55 Jahre;55 bis unter 60 Jahre;60 bis unter 65 Jahre;65 bis unter 75 Jahre;75 Jahre und mehr
31.12.2024;01001;Flensburg, kreisfreie Stadt;1244;1310;1716;2043;1359;991;3564;4294;3980;3475;3050;2711;2687;3466;3195;4410;4156;1144;1224;1624;2031;1278;1076;4170;4041;3220;3066;2841;2603;2802;3496;3170;5089;5800
31.12.2024;01002;Kiel, kreisfreie Stadt;3059;3212;4347;5107;3181;2533;9742;12416;11067;9410;7598;6726;7055;8928;7846;11156;10149;3022;3135;4173;4974;3051;2535;11108;12052;9880;8187;7647;6804;7258;8932;8514;12978;14886
31.12.2024;01003;L�beck, kreisfreie Stadt;2587;2701;3902;4794;2983;2199;6141;7646;7443;7115;6529;5776;6578;8527;7950;10818;10620;2316;2438;3540;4410;2721;2033;6597;7432;7074;7058;6796;6501;6860;8762;8360;13233;16449
31.12.2024;01004;Neum�nster, kreisfreie Stadt;1058;1042;1460;1818;1251;962;2430;2761;2740;2711;2451;2311;2548;3277;2973;4167;3782;933;1043;1326;1684;1148;765;2099;2320;2368;2466;2341;2256;2523;3233;3082;4794;5686
31.12.2024;01051;Dithmarschen, Landkreis;1562;1725;2377;3056;1955;1309;3405;3749;3849;3943;3666;3539;4372;5806;5610;8662;7253;1500;1654;2330;2982;1850;1215;3016;3354;3446;3632;3652;3685;4334;5968;5835;9321;9848
31.12.2024;01053;Herzogtum Lauenburg, Landkreis;2603;3167;4493;5274;3207;2124;4809;4888;5662;6723;6757;6131;6606;8903;8199;11329;9926;2488;2944;4312;4978;2970;1965;4248;4465;5678;6762;6978;6579;6971;8903;8347;12322;14524
31.12.2024;01054;Nordfriesland, Landkreis;1935;2309;3195;3912;2423;1737;4243;4767;4989;5034;4970;4477;5320;7276;6914;10491;8964;1918;2165;2925;3624;2264;1513;3687;4151;4493;4983;4970;4865;5853;7808;7708;11761;12385
31.12.2024;01055;Ostholstein, Landkreis;1992;2245;3217;4197;2650;1791;4386;4616;4981;5554;5590;5263;6407;8985;8736;13748;12465;1999;2302;3315;4066;2558;1678;3791;4080;4849;5560;5925;5982;7155;9663;9608;15249;16869
31.12.2024;01056;Pinneberg, Landkreis;4144;4679;6714;8033;5058;3422;8151;8791;9382;10585;10680;10107;10980;13916;12574;16611;15831;3883;4411;6394;7605;4699;3038;7129;7731;8950;10422;11030;10335;11003;14294;13042;18774;22825
31.12.2024;01057;Pl�n, Landkreis;1457;1772;2535;2988;1923;1248;2773;2746;3149;3606;3615;3500;4088;5810;5543;8092;8033;1377;1738;2464;3004;1859;1121;2269;2453;3328;3835;3964;3759;4548;6163;5959;9144;10746
31.12.2024;01058;Rendsburg-Eckernf�rde, Landkreis;3303;4043;5533;6825;4307;2963;6714;6933;7563;8399;8300;7749;8908;12384;11423;16536;14691;3068;3695;5326;6486;3998;2559;5554;5943;7343;8416;8616;8192;9422;13006;12093;18013;19754
31.12.2024;01059;Schleswig-Flensburg, Landkreis;2601;3042;4283;5055;3336;2137;4589;4945;5677;6237;5749;5529;6498;9093;8575;12720;11158;2494;2885;3965;4795;2880;1902;4017;4620;5810;6102;5996;5922;6633;9336;8831;13520;14540
31.12.2024;01060;Segeberg, Landkreis;3581;4222;5710;7063;4437;2870;7182;7560;8396;9399;9629;8775;9320;12318;11038;14593;13636;3393;3984;5485;6720;3884;2577;5956;6592;8041;9568;9620;8982;9544;12507;11054;16777;19149
31.12.2024;01061;Steinburg, Landkreis;1669;1769;2572;3141;1979;1355;3265;3715;4016;4256;3890;3507;4387;6085;5795;7778;6590;1527;1768;2430;2969;1814;1148;2837;3106;3780;4036;3807;3771;4378;6268;5895;8263;9165
31.12.2024;01062;Stormarn, Landkreis;2981;3676;5248;6482;3976;2589;5774;5649;6165;7383;7880;7861;8052;10739;9767;12956;13240;2793;3408;4982;6249;3839;2252;4837;4983;6062;7613;8737;8126;8514;11157;9926;14690;18388
31.12.2024;02000;Hamburg, kreisfreie Stadt;27018;28256;37808;43840;26716;18862;53684;73043;75924;73614;66650;60492;58538;66406;57178;73855;70004;25724;26599;35471;40921;23885;16976;55262;73597;75175;72404;68102;60733;58492;65749;59354;86604;105629
31.12.2024;03101;Braunschweig, kreisfreie Stadt;3140;3208;4263;5173;3274;2290;7978;11270;10712;9240;8372;7284;7668;9572;8425;11956;11345;2960;3114;4182;5045;2956;2250;7921;9944;9016;8400;7890;7284;7600;9133;8736;14126;17235
31.12.2024;03102;Salzgitter, kreisfreie Stadt;1511;1690;2324;2770;1690;1209;3065;3283;3500;3505;3346;3173;3146;3965;3918;5708;4899;1556;1655;2229;2532;1509;1028;2643;2779;2952;3086;3080;2843;3140;3901;3949;6372;7014
31.12.2024;03103;Wolfsburg, kreisfreie Stadt;1721;2180;2937;3377;1955;1375;3356;4078;4539;4785;4726;4098;3850;4555;4529;6592;6101;1644;1959;2633;2940;1756;1068;3250;3755;4123;4441;4389;3830;3763;4596;4644;7377;8638
31.12.2024;03151;Gifhorn, Landkreis;2551;2930;4027;4542;2758;1775;4127;4231;5024;5974;5724;5161;5536;7507;7467;10559;7526;2487;2830;3869;4338;2601;1644;3487;3724;4924;5787;5786;5032;5745;7572;7609;10941;10148
31.12.2024;03152;G�ttingen, Landkreis (bis 31.10.2016);-;-;-;-;-;-;-;-;-;-;-;-;-;-;-;-;-;-;-;-;-;-;-;-;-;-;-;-;-;-;-;-;-;-
31.12.2024;03153;Goslar, Landkreis;1376;1469;2119;2563;1719;1319;3353;3615;3628;3663;3521;3366;3967;5492;5349;8499;7476;1297;1412;1940;2338;1503;1047;2696;3068;3265;3464;3519;3442;4203;5452;5529;9231;10875
31.12.2024;03154;Helmstedt, Landkreis;1106;1376;1833;2074;1278;895;2051;2203;2594;2988;3052;2663;2956;3826;3824;5709;4325;1083;1290;1768;1958;1172;777;1652;1904;2470;3036;2856;2648;2859;3823;3901;5972;6305
31.12.2024;03155;Northeim, Landkreis;1557;1595;2310;2724;1739;1157;2959;3322;3506;3764;3606;3379;3961;5311;5456;8711;6977;1358;1652;2192;2683;1654;1138;2513;2938;3223;3568;3607;3413;4040;5537;5761;8973;9339
31.12.2024;03156;Osterode am Harz, Landkreis (bis 31.10.2016);-;-;-;-;-;-;-;-;-;-;-;-;-;-;-;-;-;-;-;-;-;-;-;-;-;-;-;-;-;-;-;-;-;-
31.12.2024;03157;Peine, Landkreis;1857;2317;2979;3451;2090;1477;3496;3508;3927;4562;4357;3995;4496;6037;5442;7736;6252;1845;2122;2936;3479;1997;1291;2901;3078;3869;4486;4317;4074;4627;5743;5546;8194;8561
31.12.2024;03158;Wolfenb�ttel, Landkreis;1469;1836;2329;2732;1663;1150;2905;3096;3317;3729;3460;3313;3738;5380;5017;7187;6232;1306;1633;2228;2534;1509;987;2378;2741;3124;3634;3499;3457;4064;5300;5033;7735;8575
31.12.2024;03159;G�ttingen, Landkreis;3931;4308;5896;6963;4437;3222;10116;12172;10903;10589;9357;8590;9641;12614;12676;19364;16567;3739;4163;5617;6501;4039;3030;10371;11191;10113;9745;9488;8905;10014;12614;13202;20996;22954
31.12.2024;03201;Hannover, kreisfreie Stadt (bis 31.10.2001);-;-;-;-;-;-;-;-;-;-;-;-;-;-;-;-;-;-;-;-;-;-;-;-;-;-;-;-;-;-;-;-;-;-
31.12.2024;03241;Region Hannover, Landkreis;14944;16327;22378;26849;16766;11363;32188;40185;40160;38365;36354;33787;35362;44810;41220;57115;51262;14352;15594;21271;25405;15455;10721;31146;37125;36941;37389;37578;34732;36065;44290;41996;64827;76566
31.12.2024;03251;Diepholz, Landkreis;2871;3356;4472;5342;3279;2301;5525;5861;6585;7106;6670;6188;7169;9602;9215;13199;10749;2910;3215;4285;5083;3118;2063;4705;5394;6281;6665;6667;6277;7387;9874;9114;13943;14731
31.12.2024;03252;Hameln-Pyrmont, Landkreis;1932;2169;2821;3390;2246;1514;3684;4043;4360;4545;4330;3957;4572;6224;6161;9233;7898;1877;2054;2777;3340;1989;1348;3106;3659;4164;4303;4411;4125;4763;6520;6533;10277;11878
31.12.2024;03253;Hannover, Landkreis (bis 31.10.2001);-;-;-;-;-;-;-;-;-;-;-;-;-;-;-;-;-;-;-;-;-;-;-;-;-;-;-;-;-;-;-;-;-;-
31.12.2024;03254;Hildesheim, Landkreis;3399;3716;5027;6005;3774;2690;7237;7908;8285;8366;7825;7309;8310;11320;10796;15673;13109;3307;3480;4773;5779;3571;2519;7538;7552;7649;7784;7880;7703;8662;11233;11012;17107;19208
31.12.2024;03255;Holzminden, Landkreis;803;823;1188;1417;914;647;1719;1838;1849;1907;1936;1765;2056;2706;2812;4422;3882;763;854;1236;1449;885;559;1407;1532;1632;1758;1810;1669;2053;2863;2847;4613;4967
31.12.2024;03256;Nienburg (Weser), Landkreis;1525;1781;2387;3038;1898;1280;3162;3247;3543;3780;3658;3444;3902;5215;5281;7467;5474;1436;1725;2498;2846;1822;1214;2814;3025;3321;3499;3549;3369;3951;5203;5250;7922;7942
31.12.2024;03257;Schaumburg, Landkreis;2003;2222;2996;3566;2174;1590;3713;4168;4368;4647;4628;4261;4950;7029;6586;9500;8346;1804;2044;2888;3357;2086;1384;3481;3695;4197;4581;4595;4300;5167;7025;6828;10392;12270
31.12.2024;03351;Celle, Landkreis;2286;2593;3535;4176;2624;1780;4185;4389;4991;5520;5332;4941;5310;7020;6726;10332;8478;2189;2493;3372;4110;2505;1703;3660;4113;4923;5536;5456;4968;5526;7035;7013;11583;12046
31.12.2024;03352;Cuxhaven, Landkreis;2524;2776;3991;4789;2987;1938;4479;4811;5527;5741;5611;5199;6339;8501;8168;13001;10974;2363;2632;3551;4354;2708;1590;3779;4475;5152;5899;5898;5521;6811;8992;8735;14374;14652
31.12.2024;03353;Harburg, Landkreis;3475;4011;5609;6546;3931;2758;6841;7241;7696;8526;8616;7966;8796;11733;10697;14228;13430;3271;3763;5215;6239;3720;2380;5406;5856;6981;8358;8838;8248;8973;11889;10849;15427;18351
31.12.2024;03354;L�chow-Dannenberg, Landkreis;500;562;850;1062;657;501;997;975;1067;1273;1249;1249;1417;2013;2031;3396;2896;468;552;817;961;555;391;826;867;1070;1251;1326;1294;1509;2053;2242;3766;3859
31.12.2024;03355;L�neburg, Landkreis;2363;2627;3653;4438;2630;1858;4756;5366;5516;5779;5507;5399;5827;7476;6888;9480;7533;2200;2438;3420;4184;2550;1912;5484;5149;5101;5591;5872;5675;6157;7802;7305;10601;10911
31.12.2024;03356;Osterholz, Landkreis;1405;1738;2414;2885;1638;1093;2552;2508;2808;3324;3505;3109;3702;5113;4917;6800;5936;1363;1654;2343;2689;1573;1023;2243;2306;2992;3535;3627;3371;3750;5231;4929;7470;8052
31.12.2024;03357;Rotenburg (W�mme), Landkreis;2116;2500;3263;3971;2551;1782;4678;4910;5110;5526;4971;4759;5390;7126;6880;9732;7795;2097;2317;3172;3645;2453;1580;3838;4184;4676;5072;5033;4670;5523;7218;6883;10384;10099
31.12.2024;03358;Heidekreis;1834;2033;2772;3445;2111;1546;3717;3967;4255;4584;4260;3981;4562;5913;5928;8329;6827;1795;1983;2613;3157;2016;1400;3113;3402;3956;4333;4264;4041;4548;6073;6051;8940;9572
31.12.2024;03359;Stade, Landkreis;2972;3329;4519;5430;3342;2218;5214;5881;6232;6941;6561;6266;6695;8464;7918;11307;9801;2707;2925;4078;4649;2876;1925;4803;5359;5981;6711;6655;6211;6805;8517;8335;12669;13404
31.12.2024;03360;Uelzen, Landkreis;1122;1232;1654;2037;1326;937;2212;2491;2506;2840;2499;2474;2936;3901;3951;5950;4839;1093;1177;1573;1890;1206;842;1942;2147;2381;2661;2542;2608;3101;4060;4082;6463;6963
31.12.2024;03361;Verden, Landkreis;1973;2231;3012;3570;2050;1434;3371;3699;4073;4433;4281;3870;4334;5723;5300;7931;6823;1892;2091;2898;3395;1998;1310;3078;3265;3901;4439;4374;3864;4521;5850;5699;8805;9138
31.12.2024;03401;Delmenhorst, kreisfreie Stadt;1105;1301;1777;2054;1313;876;2341;2523;2627;2735;2465;2283;2576;3140;3001;4129;3860;1094;1183;1696;1884;1105;778;2106;2308;2474;2614;2445;2451;2693;3141;3092;4784;5452
31.12.2024;03402;Emden, kreisfreie Stadt;579;712;1020;1233;701;560;1442;1757;1607;1639;1495;1420;1629;1993;1747;2680;2138;593;663;944;1169;661;475;1373;1514;1497;1486;1546;1397;1623;1934;1844;2970;3161
31.12.2024;03403;Oldenburg (Oldenburg), kreisfreie Stadt;2241;2297;3128;3807;2425;1782;5835;7837;7247;6040;5316;4771;5055;6533;5734;8362;6960;2144;2202;2983;3695;2190;1696;6605;7893;6492;5732;5324;5052;5404;6810;6649;9948;10425
31.12.2024;03404;Osnabr�ck, kreisfreie Stadt;2111;2128;2768;3475;2233;1692;6489;7943;6732;5671;4986;4504;4943;5921;5293;7581;6305;1973;2119;2740;3355;2165;1796;8042;7970;6046;5094;4829;4614;5081;5777;5389;8702;9590
31.12.2024;03405;Wilhelmshaven, kreisfreie Stadt;891;1028;1338;1611;1022;748;2187;2860;2832;2634;2232;2015;2087;2943;2899;4303;4251;880;943;1289;1480;921;712;1982;2228;2115;2159;1930;1857;2141;3055;3079;5001;6092
31.12.2024;03451;Ammerland, Landkreis;1702;1880;2657;3181;1929;1331;3132;3206;3642;3947;3859;3504;4132;5345;4977;7358;6742;1551;1857;2453;2951;1747;1237;2811;2887;3647;3983;3856;3722;4319;5466;5409;8344;8987
31.12.2024;03452;Aurich, Landkreis;2361;2515;3634;4384;2894;1998;4736;5178;5481;5583;5262;5191;6353;8085;7737;12285;9157;2184;2472;3351;4139;2518;1701;4288;4603;5028;5483;5378;5296;6760;8478;8284;13560;12459
31.12.2024;03453;Cloppenburg, Landkreis;3012;3285;4184;4994;3072;2222;5638;5902;6202;6300;5879;5304;5726;6869;6467;9211;5728;2740;3011;3906;4438;2723;1888;4942;5450;5646;5561;5383;5100;5643;6640;6548;9338;8073
31.12.2024;03454;Emsland, Landkreis;4985;5333;7099;8429;5294;3798;9760;10693;11446;11729;10986;10381;11431;13624;12795;19036;13021;4638;5181;6944;8074;4975;3347;8023;8914;9951;10614;10134;9609;10984;13117;12634;19761;17799
31.12.2024;03455;Friesland, Landkreis;1189;1344;1927;2296;1395;880;2248;2496;2910;2964;2722;2497;3029;4367;4180;6356;6003;1086;1333;1857;2159;1305;821;1928;2325;2744;2994;2800;2717;3313;4728;4607;6995;7896
31.12.2024;03456;Grafschaft Bentheim, Landkreis;2087;2317;3085;3732;2288;1507;3942;4454;4633;4689;4383;4224;4753;6151;5764;8042;6205;1954;2240;2855;3524;2083;1442;3239;3737;4317;4535;4439;4030;4861;6104;5660;8713;8554
31.12.2024;03457;Leer, Landkreis;2356;2573;3562;4086;2543;1758;4363;4759;5188;5580;5166;4678;5578;6976;6551;10136;7486;2268;2486;3353;4021;2518;1655;3818;4305;4986;5309;5015;4644;5747;7271;7009;11076;10283
31.12.2024;03458;Oldenburg, Landkreis;1823;2037;2720;3127;1986;1438;3351;3346;3767;4281;3993;3816;4265;6005;5445;7623;6242;1647;1851;2538;2965;1867;1273;2886;3148;3704;4151;3964;3861;4639;6022;5704;8100;8423
31.12.2024;03459;Osnabr�ck, Landkreis;4997;5707;7496;8842;5395;3774;9113;9563;10572;11592;10714;10224;11541;14751;14542;20840;15577;4810;5485;7157;8577;5166;3507;7956;8470;10010;11120;10744;10406;11934;14854;14795;22098;22492
31.12.2024;03460;Vechta, Landkreis;2255;2493;3233;4012;2516;1741;4590;4929;4877;5235;4885;4367;4804;5880;5507;7464;4893;2181;2478;3202;3751;2314;1558;4252;4438;4632;4958;4515;4549;4734;5533;5301;7736;6726
31.12.2024;03461;Wesermarsch, Landkreis;1160;1275;1694;2024;1325;845;2374;2523;2652;2795;2477;2424;2871;3969;3844;5653;4532;1057;1222;1687;1877;1177;851;1983;2116;2509;2580;2382;2449;2904;3919;3935;5871;5980
31.12.2024;03462;Wittmund, Landkreis;665;767;1040;1368;859;580;1356;1391;1548;1548;1518;1435;1820;2275;2284;3860;3078;569;684;995;1220;752;516;1185;1335;1435;1598;1569;1544;1929;2496;2603;4243;3904
31.12.2024;04011;Bremen, kreisfreie Stadt;7991;9325;12123;13650;8543;6527;18451;23958;22620;21011;18923;16971;17414;21313;19042;27180;24543;7631;8621;11615;13023;7993;5468;17685;21025;20326;19825;18709;16994;17469;21086;20056;32114;37046
31.12.2024;04012;Bremerhaven, kreisfreie Stadt;1765;1871;2616;3038;1928;1341;3711;4380;4070;4017;3813;3487;3561;4154;4034;6192;5098;1630;1844;2382;2822;1715;1237;3599;3741;3558;3722;3518;3252;3467;4096;4433;7274;7244
31.12.2024;05111;D�sseldorf, kreisfreie Stadt;8329;8348;11577;14085;8553;5496;15931;23020;26209;24208;21261;19152;19805;23343;20363;26185;23205;7787;7641;10639;12939;7572;5157;17511;25246;27113;24591;22279;20111;19991;22533;20436;31170;36899
31.12.2024;05112;Duisburg, kreisfreie Stadt;7395;7959;10938;12662;7819;5377;14887;17459;18284;17493;16042;15113;16080;19385;18230;24832;19339;6952;7480;10254;12038;7238;4884;13835;15658;16675;16641;15430;14868;15874;18639;18103;28196;30211
31.12.2024;05113;Essen, kreisfreie Stadt;8027;8657;11868;13704;8299;5715;15414;19702;21261;20138;18367;16119;17278;21330;19815;29408;24564;7826;8112;11057;12600;7745;5240;15410;18847;20587;19780;18482;16640;17635;21717;21123;33967;38248
31.12.2024;05114;Krefeld, kreisfreie Stadt;3093;3268;4647;5537;3593;2430;6311;7345;7799;7894;7187;6712;7330;9531;8910;11916;10251;2866;3060;4401;5184;3144;2161;5884;6569;7225;7375;7215;6956;7591;9693;8961;13835;15532
31.12.2024;05116;M�nchengladbach, kreisfreie Stadt;3745;3989;5530;6287;4063;2758;7682;9200;9713;9577;8608;7677;8104;10539;9991;14332;11081;3559;3801;5142;5985;3631;2498;6907;8064;8451;8759;8275;7868;8191;10197;10450;16075;16484
31.12.2024;05117;M�lheim an der Ruhr, kreisfreie Stadt;2243;2547;3616;4221;2487;1580;4347;5174;5607;5584;5225;4774;5245;7012;6603;9380;8351;2158;2447;3384;3911;2354;1460;3817;4554;5469;5603;5374;5065;5602;7284;6855;10962;12755
31.12.2024;05119;Oberhausen, kreisfreie Stadt;2731;3133;4399;5238;3036;2017;5084;6288;7189;7272;6715;6267;6686;8339;8302;12102;9084;2685;3085;4226;4964;2903;2039;5065;6088;6879;7086;6911;6443;6613;8522;8622;13952;13681
31.12.2024;05120;Remscheid, kreisfreie Stadt;1514;1676;2313;2791;1718;1186;3122;3470;3825;3815;3687;3339;3662;4889;4668;5986;5107;1403;1592;2167;2608;1577;1065;2745;2971;3431;3648;3609;3371;3592;4541;4456;6601;7683
31.12.2024;05122;Solingen, kreisfreie Stadt;2116;2523;3421;3975;2471;1799;4252;4936;5387;5435;5157;4844;5115;7005;6669;8701;7306;1998;2370;3117;3737;2318;1543;3933;4586;5101;5527;5230;4852;5354;7105;6787;9676;11280
31.12.2024;05124;Wuppertal, kreisfreie Stadt;4978;5440;7561;9053;5549;3962;10645;12188;12671;12494;11580;10100;10875;13938;13260;17450;15036;4547;5125;7076;8300;5100;3578;10392;11408;11730;11677;11257;10091;10943;13699;13375;20074;23041
31.12.2024;05154;Kleve, Landkreis;4170;4800;6273;7568;4716;3465;9013;10183;11127;11358;10505;9124;10164;13527;12921;18608;13371;4049;4419;6055;7109;4360;2914;8023;8964;10052;10340;9742;9066;10349;13687;13063;19882;19051
31.12.2024;05158;Mettmann, Landkreis;6172;7207;10023;11867;7360;4721;11593;12462;13930;15386;15524;14039;15577;20791;19708;26731;24947;5899;6703;9512;11321;6889;4446;10308;11461;13653;15562;15903;14757;15956;21141;20479;31153;37729
31.12.2024;05162;Rhein-Kreis Neuss;5838;6835;9641;11492;6847;4668;11063;11994;13346;14594;14951;14194;14903;19155;17819;24988;20905;5467;6602;9317;11007;6509;4108;9525;10795;12824;14996;15502;14603;15177;19641;18467;28515;30789
31.12.2024;05166;Viersen, Landkreis;3560;4200;5835;6745;4247;2797;7287;8377;9016;9353;9139;8104;9208;13141;12789;17967;14135;3556;4101;5618;6692;4133;2592;6133;6899;8619;9212;9345;8589;9964;13998;13483;19381;19642
31.12.2024;05170;Wesel, Landkreis;5768;6655;9128;10571;6565;4341;10637;11670;13726;14882;13775;12430;14050;18977;19143;28709;21985;5588;6286;8586;10118;6037;3791;9382;10657;13451;14803;14029;12988;14750;20183;20388;32241;31628
31.12.2024;05313;Aachen, kreisfreie Stadt (bis 20.10.2009);-;-;-;-;-;-;-;-;-;-;-;-;-;-;-;-;-;-;-;-;-;-;-;-;-;-;-;-;-;-;-;-;-;-
31.12.2024;05314;Bonn, kreisfreie Stadt;4236;4425;6170;7712;4908;3618;11072;12879;12231;11221;10503;9131;9540;11411;10284;14342;12083;4049;4118;5785;7398;4507;3603;12579;13550;11986;11170;10788;9948;9971;11640;11065;16593;18820
31.12.2024;05315;K�ln, kreisfreie Stadt;13901;13788;18998;23066;14209;9769;29151;40931;43431;38470;34602;32498;33315;38854;32909;42711;37447;13372;12989;17822;21742;13099;9221;32767;45272;43386;38462;35757;33574;33245;37598;33574;49533;55158
31.12.2024;05316;Leverkusen, kreisfreie Stadt;2246;2471;3379;4175;2542;1710;4604;5416;5758;5709;5499;5028;5342;6871;6444;8244;7528;2088;2372;3294;4002;2478;1552;4171;4781;5306;5421;5459;5141;5457;6940;6480;9387;11286
31.12.2024;05334;St�dteregion Aachen, Landkreis;7112;7960;10461;12576;7922;6790;25510;27577;22194;19553;17299;15490;16666;21765;20978;30357;24431;6756;7610;10270;12146;7431;5845;19488;20727;18727;17680;16925;15580;17046;21820;20750;33530;35438
31.12.2024;05354;Aachen, Landkreis (bis 20.10.2009);-;-;-;-;-;-;-;-;-;-;-;-;-;-;-;-;-;-;-;-;-;-;-;-;-;-;-;-;-;-;-;-;-;-
31.12.2024;05358;D�ren, Landkreis;3913;4450;5793;6627;4191;2931;7507;8522;9332;9585;8802;7919;8616;11409;11062;16312;12118;3742;4141;5415;6171;3678;2383;6528;7514;8686;9148;8625;7859;8749;11586;11356;17822;16793
31.12.2024;05362;Rhein-Erft-Kreis;6557;7416;10347;11952;7248;4917;12241;13611;14459;16105;15757;14461;15347;19637;18147;25263;21342;6129;6939;9505;11260;6748;4284;11141;12116;14172;16020;16299;14943;15687;19844;18811;28973;30310
31.12.2024;05366;Euskirchen, Landkreis;2678;3086;4126;4915;3035;2082;5360;5681;6197;6681;6248;5842;6273;8477;8555;12671;8816;2425;2857;3980;4489;2781;1825;4382;4895;5777;6373;6188;5865;6526;8858;8936;13375;12354
31.12.2024;05370;Heinsberg, Landkreis;3533;4006;5348;6228;3942;2791;6699;7441;8469;8690;8439;7498;8220;11072;11148;15973;11196;3360;3696;5235;6107;3627;2419;5614;6462;7939;8665;8349;7704;8574;11018;11315;16967;15937
31.12.2024;05374;Oberbergischer Kreis;3831;4319;5752;6825;4052;2767;7166;7623;8401;8881;8460;7739;8262;11483;11447;16067;11962;3651;4178;5734;6603;4096;2583;6229;6810;7840;8598;8647;7983;8584;11702;11359;17344;17079
31.12.2024;05378;Rheinisch-Bergischer Kreis;3698;4064;5630;7008;4158;2829;6700;7019;7667;8587;8691;8009;9197;12428;12058;16173;14295;3408;4024;5518;6457;4022;2573;5846;6222;7670;9031;9244;8588;9512;13143;12278;17857;20669
31.12.2024;05382;Rhein-Sieg-Kreis;7794;8977;12667;15423;9502;6437;15808;16587;17494;19294;19207;17492;18739;25420;24371;33948;28467;7615;8335;11794;14061;8612;5618;13686;14600;16965;19109;19862;18580;19890;26029;25445;38038;39575
31.12.2024;05512;Bottrop, kreisfreie Stadt;1606;1732;2331;2738;1625;1069;2910;3335;3716;3982;3631;3452;3700;4773;4606;7169;5240;1489;1723;2216;2537;1587;947;2662;3076;3544;3839;3640;3431;3820;5014;4964;8322;8109
31.12.2024;05513;Gelsenkirchen, kreisfreie Stadt;4283;4602;6096;7130;4417;3017;7811;8640;9345;9066;8349;8007;8584;10177;9433;13692;9901;4071;4395;5857;6647;4046;2777;7340;8036;8489;8638;8311;7889;8522;9637;9618;15450;15657
31.12.2024;05515;M�nster, kreisfreie Stadt;3846;4023;5627;6498;4000;3347;13063;14533;12104;10258;9165;8129;8313;10258;9456;13869;10974;3688;3762;5178;6065;3593;3584;17779;15305;11597;9971;9386;8443;8570;10673;10436;15613;17152
31.12.2024;05554;Borken, Landkreis;5588;6288;8255;9528;6097;4063;10692;11844;12930;12803;11830;10941;12207;16425;15512;20919;14757;5415;6093;7846;9526;5794;3589;8776;9999;11693;11954;11696;11015;12219;16114;15603;21974;20811
31.12.2024;05558;Coesfeld, Landkreis;3152;3595;4721;5512;3436;2268;5922;6270;6907;7354;7056;6491;7041;9640;9311;13817;10093;3034;3446;4764;5196;3203;2110;4785;5380;6341;7086;6968;6535;7355;10071;9923;14977;14099
31.12.2024;05562;Recklinghausen, Landkreis;8422;9271;12650;14966;9253;6224;15491;17159;19108;19906;19005;17905;19614;25336;24323;37121;27691;7987;8703;11883;13915;8434;5397;13721;15672;18108;19639;19143;18266;20553;26134;25784;42661;41860
31.12.2024;05566;Steinfurt, Landkreis;6336;7178;9604;11272;7091;5067;12900;13964;14192;14835;14096;12813;14645;19723;18403;25041;18029;6318;6760;9070;10615;6412;4355;10753;11764;12947;14139;14018;12935;14893;19328;18392;27117;26707
31.12.2024;05570;Warendorf, Landkreis;3925;4465;5880;7074;4403;3087;7555;7734;8362;9097;8746;8194;9226;12112;11195;16276;12611;3650;4225;5595;6614;4097;2733;6616;7096;7851;8835;8719;8415;9340;11826;11633;17805;17647
31.12.2024;05711;Bielefeld, kreisfreie Stadt;4700;4918;6589;7989;4979;3573;10337;12364;12102;11309;10489;9600;10235;12023;11051;15473;13280;4430;4795;6361;7562;4711;3491;11579;12441;11282;10886;10549;9831;10497;11805;11683;18178;20513
31.12.2024;05754;G�tersloh, Landkreis;5377;5716;7698;9096;5816;4086;10253;10963;11638;12384;11807;10974;11983;15278;14251;19418;14839;4852;5402;7257;8691;5309;3541;8852;9579;10319;11169;11432;10968;12318;15320;14579;20990;21827
31.12.2024;05758;Herford, Landkreis;3206;3770;5135;6132;3982;2651;6873;7324;7634;8264;7842;7436;7978;10344;10112;14596;11979;3124;3706;5056;6159;3733;2520;5539;6069;7159;7854;7972;7590;8480;10694;10775;15756;16960
31.12.2024;05762;H�xter, Landkreis;1763;1999;2704;3309;2171;1453;3801;4096;4119;4269;4066;3835;4236;6007;5980;9185;6592;1739;1909;2584;3082;1990;1270;2892;3230;3698;4117;4038;3920;4537;5826;5976;9510;9349
31.12.2024;05766;Lippe, Landkreis;5015;5309;7490;8930;5592;3735;9396;9805;10373;10912;10281;9187;10449;13894;13765;20257;16263;4555;5107;7037;8424;5200;3441;8055;8788;9754;10444;10217;9773;10760;14286;14283;22354;24018
31.12.2024;05770;Minden-L�bbecke, Landkreis;4368;5017;6817;8079;5122;3533;8506;9209;10122;10501;9800;9119;10087;12887;12883;18516;14461;4099;4609;6297;7924;4773;3141;7427;8330;9198;9565;9441;8915;10279;13068;13230;20145;21089
31.12.2024;05774;Paderborn, Landkreis;4490;4980;6639;7921;4999;3590;10112;11321;11155;11077;10299;9229;9620;12056;11627;17233;11854;4099;4604;6196;7472;4556;3152;9604;9842;9961;10148;9550;9129;9897;11817;11893;18669;17121
31.12.2024;05911;Bochum, kreisfreie Stadt;4565;4825;6523;7774;4665;3349;11044;14041;13959;12460;11577;9992;10632;13626;12698;19252;15548;4353;4650;6265;7320;4186;3184;11400;12785;12328;11683;11154;9905;10588;13526;13281;21747;23791
31.12.2024;05913;Dortmund, kreisfreie Stadt;8507;9132;12183;14209;8881;6124;18394;23119;22687;20977;19541;17802;18969;23015;20954;29507;23859;8094;8550;11831;14029;8337;5761;17879;20444;20880;19851;19468;18051;18652;22168;21254;33734;36619
31.12.2024;05914;Hagen, kreisfreie Stadt;2841;3023;4035;4913;2999;2089;5353;5788;6322;6433;6138;5630;5895;7508;7144;9818;7799;2717;2950;3828;4592;2805;1857;5322;5809;5921;5926;5610;5348;5915;7434;7214;11069;12339
31.12.2024;05915;Hamm, kreisfreie Stadt;2430;2675;3619;4408;2858;2027;5654;6049;6067;5949;5660;5653;5870;6743;6466;9431;7583;2376;2464;3572;4291;2702;1789;4917;5133;5366;5653;5696;5478;5850;6802;6583;11050;11104
31.12.2024;05916;Herne, kreisfreie Stadt;2272;2356;3204;3843;2357;1658;4367;5068;5212;5089;4713;4419;5165;6059;5869;8172;6573;2127;2227;2931;3555;2186;1416;4315;4702;4888;4858;4773;4708;5207;5984;5887;9420;10271
31.12.2024;05954;Ennepe-Ruhr-Kreis;4013;4422;6075;7027;4192;2878;7469;8824;9396;9781;9439;8375;9591;13432;12932;18644;15571;3838;4263;5732;6723;4036;2656;6921;8242;9217;9701;9658;8957;10189;14064;13555;21241;23113
31.12.2024;05958;Hochsauerlandkreis;3359;3699;4950;6027;3905;2714;6941;7672;8329;8394;7843;7126;8825;11384;11123;15902;12033;3218;3452;4773;5641;3508;2428;5777;6489;7263;7759;7630;7386;8541;11223;11154;17045;17330
31.12.2024;05962;M�rkischer Kreis;5269;6184;8179;9821;6256;4278;10379;11317;12603;13220;12486;11416;12731;17833;17355;23464;18516;4927;5627;7725;9208;5731;3853;9105;10124;11850;12522;12361;11828;13344;17764;17284;25773;27713
31.12.2024;05966;Olpe, Landkreis;1771;1910;2677;3229;2054;1380;3657;3994;4301;4386;4224;3847;4332;5998;5503;7727;5437;1727;1887;2518;3037;1827;1189;2926;3163;3873;4149;4092;3877;4406;5780;5593;8127;7748
31.12.2024;05970;Siegen-Wittgenstein, Landkreis;3794;4132;5632;6712;4084;2813;7648;9134;9328;9230;8620;7888;8337;10916;10667;15638;11976;3420;3864;5272;6097;3595;2462;6910;7796;8156;8712;8424;7721;8351;10868;11050;17531;17296
31.12.2024;05974;Soest, Landkreis;3903;4350;5925;7150;4523;3090;7947;8627;9422;9937;9536;8825;9821;12833;12353;17780;13280;3639;4157;5706;6841;4338;2703;6734;7367;8675;9096;9244;8704;9912;12836;12634;19364;19045
31.12.2024;05978;Unna, Landkreis;5290;5679;7667;9068;5883;3820;9728;10826;11841;12464;12235;11539;12283;16080;15796;23628;18443;4866;5315;7389;8683;5282;3436;8538;9834;11252;12513;12219;11895;13023;16825;16697;26792;26955
31.12.2024;06411;Darmstadt, kreisfreie Stadt;2147;2361;3082;3767;2321;2053;8434;9929;7748;6243;5230;4546;4578;5406;4838;6725;5922;2070;2173;2898;3561;2140;1674;6384;7302;6431;5666;5167;4740;4649;5379;5099;7798;8568
31.12.2024;06412;Frankfurt am Main, kreisfreie Stadt;11050;11040;14528;17213;10103;7320;22390;31691;33718;31481;27867;25424;25067;26956;22291;29046;24050;10680;10600;14445;17010;10060;7011;23376;32666;34452;31163;28753;26050;24294;25013;21823;32570;34820
31.12.2024;06413;Offenbach am Main, kreisfreie Stadt;2181;2113;2667;3199;1904;1361;4075;5231;5594;5696;5090;4566;4512;4836;4271;5207;4202;2064;1999;2638;3147;1943;1312;3890;5109;5333;5156;4781;4445;4002;4386;3936;5702;6198
31.12.2024;06414;Wiesbaden, kreisfreie Stadt;4119;4160;5687;7106;4499;3034;8587;10042;9991;9874;9408;8954;9314;10884;9581;12717;11936;3923;4018;5498;6699;4195;2830;8886;9922;10047;9904;10066;9626;9615;10822;10087;15134;17685
31.12.2024;06431;Bergstra�e, Landkreis;3568;4242;5423;6552;3965;2815;6742;7490;8140;8891;8620;8006;8556;11513;11465;16328;13183;3316;3916;5365;6316;3701;2374;5699;6578;7748;8830;8836;8159;9086;11696;11586;17441;18023
31.12.2024;06432;Darmstadt-Dieburg, Landkreis;3911;4474;6246;7671;4652;3178;7931;8423;8980;9747;9847;9233;9762;12869;12038;16733;13846;3669;4276;6157;7288;4314;2844;6725;7293;8441;9640;10206;9629;9996;12824;12223;18454;18501
31.12.2024;06433;Gro�-Gerau, Landkreis;4057;4266;5990;6972;4286;2897;7823;8312;8703;9486;9394;8534;9039;10999;9838;12832;10866;3740;4064;5614;6657;3958;2620;6472;7196;8263;9213;9416;8933;8560;10295;9529;14206;15280
31.12.2024;06434;Hochtaunuskreis;2766;3454;5258;6702;4160;2598;5793;5982;6144;6939;7550;7723;8263;10353;9113;12019;12399;2701;3271;4838;6185;3697;2364;4855;5099;6086;7350;8521;8443;8854;10341;9590;13972;18281
31.12.2024;06435;Main-Kinzig-Kreis;5803;6414;8761;10265;6339;4278;10908;12345;13227;13966;13589;12806;13687;16961;15965;23267;19442;5760;6146;8214;9599;5886;3877;9577;10766;12307;13846;13622;12957;14034;17381;16637;25710;26572
31.12.2024;06436;Main-Taunus-Kreis;3206;3603;5057;6293;3994;2687;5979;6193;6885;7511;7900;7819;8210;10333;8901;11376;11333;2959;3466;4903;5955;3696;2350;4908;5481;6601;7617;8641;8159;8537;10154;8902;13230;15936
31.12.2024;06437;Odenwaldkreis;1234;1315;1867;2117;1310;899;2255;2419;2722;2931;2784;2664;3016;3833;3947;6200;4801;1068;1267;1668;2070;1298;876;1907;2092;2513;2871;2790;2721;3155;3948;4131;6614;6543
31.12.2024;06438;Offenbach, Landkreis;5014;5531;7743;8912;5644;3783;9508;10474;11082;11930;11906;11337;11829;13981;12739;18220;16647;4780;5241;7295;8451;5016;3506;8433;9608;10817;11831;12323;11545;11746;14270;13363;20354;23163
31.12.2024;06439;Rheingau-Taunus-Kreis;2215;2481;3690;4472;2932;1991;4670;4697;4969;5355;5756;5352;6063;8218;7545;10842;9642;2084;2419;3372;4212;2617;1789;3960;4176;4687;5453;5976;5870;6464;8516;7933;12140;13093
31.12.2024;06440;Wetteraukreis;4086;4568;6286;7637;4861;3415;8264;8795;9321;10220;9876;9524;10163;13104;12196;17309;14313;3859;4450;6089;7335;4352;2974;6617;7502;8927;10152;10442;10018;10560;13287;12431;18929;19731
31.12.2024;06531;Gie�en, Landkreis;3551;3925;5176;5974;3683;2813;9188;11172;10056;9384;8278;7140;7621;9427;9545;14123;10971;3369;3748;5068;5841;3573;2754;10590;10608;8969;8610;7827;7252;7752;9544;10009;15654;15223
31.12.2024;06532;Lahn-Dill-Kreis;3302;3779;5216;6314;3968;2783;6680;7377;7804;8286;7874;7360;7870;10375;10202;14830;11428;3213;3558;4918;5821;3490;2365;5614;6335;7293;7994;7894;7530;8364;10657;10615;16366;16599
31.12.2024;06533;Limburg-Weilburg, Landkreis;2245;2428;3421;4023;2658;1927;4676;5168;5229;5678;5390;5069;5569;7186;7230;10453;7777;2215;2404;3368;4060;2456;1641;3956;4333;4901;5505;5327;5048;5591;7437;7339;11213;10909
31.12.2024;06534;Marburg-Biedenkopf, Landkreis;3087;3379;4530;5606;3521;2665;8433;9016;8256;7869;7254;6879;7259;9026;9172;13238;9806;2807;3138;4497;5419;3372;2772;9618;8279;7565;7382;7249;6881;7663;9127;9484;14314;14242
31.12.2024;06535;Vogelsbergkreis;1299;1398;1839;2229;1399;987;2294;2601;2821;3112;3089;2875;3273;4124;4412;7377;5121;1212;1271;1819;2157;1369;933;1944;2160;2485;2880;2901;2901;3314;4259;4693;7557;7058
31.12.2024;06611;Kassel, kreisfreie Stadt;2798;2721;3645;4401;2752;2017;6078;8457;8151;7118;6276;5363;5550;6841;6510;9298;7957;2591;2860;3759;4269;2723;2045;7064;8062;7194;6538;6023;5517;5873;6958;6841;10799;12181
31.12.2024;06631;Fulda, Landkreis;3064;3286;4466;5385;3286;2349;6380;7379;7388;7328;6899;6209;7003;8899;8634;12635;10017;2846;3158;4227;5221;3071;2265;5870;6316;6509;6774;6601;6253;7290;8811;8769;13477;14218
31.12.2024;06632;Hersfeld-Rotenburg, Landkreis;1541;1662;2397;2807;1743;1266;2744;3123;3386;3622;3622;3354;3908;4751;4905;7430;6109;1419;1589;2127;2624;1580;1087;2516;2663;3016;3473;3420;3324;3917;4749;4907;8204;8429
31.12.2024;06633;Kassel, Landkreis;2856;3364;4597;5438;3255;2204;5369;5819;6387;7270;7014;6217;7365;9752;9295;14370;12684;2677;3157;4384;4990;3073;2072;4682;5115;6173;6980;7069;6578;7685;10131;9905;15826;17320
31.12.2024;06634;Schwalm-Eder-Kreis;2137;2547;3446;4198;2578;1860;4541;5013;5432;5897;5713;5193;5821;7575;7730;11399;8943;2094;2295;3335;4165;2414;1649;3670;4063;4900;5504;5395;5225;5934;7571;7653;12106;12075
31.12.2024;06635;Waldeck-Frankenberg, Landkreis;1990;2112;3075;3654;2376;1692;4011;4536;4630;4839;4567;4235;4821;6614;6708;9805;7378;1852;2005;2822;3481;2228;1399;3387;3708;4265;4400;4493;4567;5212;6521;6758;10515;10470
31.12.2024;06636;Werra-Mei�ner-Kreis;1177;1360;1889;2094;1310;891;2484;2756;2831;2985;2784;2605;3136;4042;4263;6530;5247;1083;1158;1628;2061;1236;819;1931;2230;2543;2779;2802;2674;3294;4205;4378;7115;7375
31.12.2024;07111;Koblenz, kreisfreie Stadt;1401;1460;2026;2494;1517;1155;3556;5229;4983;4205;3604;3197;3110;3916;3806;5529;4962;1375;1379;1930;2211;1349;986;3805;4546;4072;3641;3383;3099;3085;3973;3874;6630;7890
31.12.2024;07131;Ahrweiler, Landkreis;1669;1851;2422;2803;1708;1116;3055;3588;3948;4230;3991;3540;3744;5460;5573;8338;6819;1590;1833;2319;2830;1564;1076;2663;3170;3768;3838;3846;3538;3976;5554;5529;8714;9690
31.12.2024;07132;Altenkirchen (Westerwald), Landkreis;1776;2053;2769;3280;1973;1348;3202;3723;4226;4327;4117;3733;4148;5492;5499;8192;5705;1690;2040;2637;3088;1831;1256;2735;3164;3875;4111;3966;3642;4215;5438;5639;8768;8467
31.12.2024;07133;Bad Kreuznach, Landkreis;2022;2453;3297;4042;2467;1620;3963;4318;5046;5238;5140;4603;5048;6726;6766;10230;7866;1963;2287;3094;3746;2267;1403;3488;3936;4653;5183;5155;4778;5333;6900;7138;11588;10991
31.12.2024;07134;Birkenfeld, Landkreis;1066;1123;1557;1883;1255;824;2191;2343;2602;2554;2500;2251;2467;3127;3475;5622;3938;1056;1093;1449;1795;1109;735;1810;2086;2322;2425;2404;2237;2590;3441;3646;6061;5574
31.12.2024;07135;Cochem-Zell, Landkreis;747;847;1180;1354;864;637;1634;1649;1897;1831;1810;1623;1930;2708;2791;4206;3106;707;768;1086;1209;804;493;1295;1380;1591;1759;1699;1683;2116;2748;2788;4381;4287
31.12.2024;07137;Mayen-Koblenz, Landkreis;2875;3228;4459;5165;3097;2147;5519;6074;6941;7236;6987;6181;6634;8873;8838;13388;9762;2698;3053;4326;4872;2945;1909;4846;5433;6379;7061;6892;6431;6828;9098;9058;14473;13522
31.12.2024;07138;Neuwied, Landkreis;2621;3046;3988;4612;2810;1897;4909;5278;5773;6183;5767;5189;5691;7787;7822;11489;8632;2535;2882;3754;4291;2644;1783;4246;4775;5501;5936;5799;5291;5903;7702;7961;12301;12263
31.12.2024;07140;Rhein-Hunsr�ck-Kreis;1340;1613;2192;2451;1624;1023;2631;2888;3200;3557;3265;3060;3388;4416;4515;7029;4891;1350;1512;1987;2422;1348;946;2258;2448;2994;3356;3277;3031;3435;4484;4774;7319;6681
31.12.2024;07141;Rhein-Lahn-Kreis;1566;1886;2518;2967;1843;1190;3003;3342;3691;4097;4031;3651;4039;5281;5333;7885;5969;1451;1711;2440;2834;1707;1129;2540;2842;3505;3916;3960;3650;4001;5171;5332;8704;8403
31.12.2024;07143;Westerwaldkreis;2698;3188;4415;4946;3141;2048;5013;5390;6446;7034;6690;6060;6728;8829;8898;12588;9012;2555;3039;4067;4809;2916;1850;4395;5071;6193;6820;6496;6055;6978;8813;8869;13242;12511
31.12.2024;07211;Trier, kreisfreie Stadt;1239;1235;1903;2234;1431;1073;3816;4940;4522;3847;3487;3014;2892;3546;3282;5025;3677;1276;1325;1758;2107;1237;1045;4350;4446;3888;3458;3315;3026;2982;3611;3622;5792;5941
31.12.2024;07231;Bernkastel-Wittlich, Landkreis;1400;1642;2208;2712;1559;1128;2804;3013;3499;3646;3536;3305;3715;4749;4907;7518;5235;1365;1555;2034;2459;1583;972;2416;2723;3052;3346;3463;3298;3750;4693;4857;7779;7266
31.12.2024;07232;Eifelkreis Bitburg-Pr�m;1372;1514;2210;2606;1596;1046;2504;2873;3267;3238;3321;2906;3068;4062;4148;6303;4161;1254;1401;1956;2218;1371;893;2009;2559;3047;3247;3163;2916;3324;4270;4387;6159;5419
31.12.2024;07233;Vulkaneifel, Landkreis;735;798;1081;1320;776;589;1317;1659;1765;1959;1714;1666;1734;2482;2674;4401;3053;699;758;1044;1287;741;477;1182;1420;1618;1696;1714;1646;1877;2533;2703;4300;3895
31.12.2024;07235;Trier-Saarburg, Landkreis;1775;2215;3119;3729;2402;1553;3601;3881;4527;4887;4961;4500;4810;6353;6118;9259;6257;1760;2100;2896;3627;2119;1312;2991;3431;4335;4907;5012;4701;5019;6331;6291;9521;8653
31.12.2024;07311;Frankenthal (Pfalz), kreisfreie Stadt;661;738;1026;1222;691;477;1313;1513;1586;1683;1622;1536;1474;1827;1717;2542;2282;621;664;1010;1108;656;434;1055;1281;1410;1548;1451;1367;1431;1797;1780;3085;3532
31.12.2024;07312;Kaiserslautern, kreisfreie Stadt;1335;1249;1675;2145;1353;974;3733;5491;4496;3472;2949;2636;2694;3485;3644;5233;4091;1322;1224;1706;2024;1235;914;3086;3826;3378;2994;2949;2756;2859;3471;3731;6038;6258
31.12.2024;07313;Landau in der Pfalz, kreisfreie Stadt;679;657;932;1035;657;433;1398;1922;1843;1642;1459;1246;1389;1746;1726;2587;1903;580;679;859;940;629;493;2143;1994;1683;1590;1421;1271;1472;1853;1811;2769;2768
31.12.2024;07314;Ludwigshafen am Rhein, kreisfreie Stadt;2742;2802;3851;4632;2751;1928;5594;6608;6799;6764;6235;5675;5749;6777;6164;8006;6768;2694;2781;3732;4415;2631;1798;4879;5603;5869;5949;5611;5224;5371;6098;5869;8969;9884
31.12.2024;07315;Mainz, kreisfreie Stadt;3010;2680;3731;4502;2789;2074;8535;11455;10317;8640;7225;6274;6400;7526;6650;9289;8401;2847;2949;3783;4413;2753;2259;10696;11707;9649;8018;7263;6379;6182;6863;6645;10776;12004
31.12.2024;07316;Neustadt an der Weinstra�e, kreisfreie Stadt;714;813;1127;1226;766;542;1218;1397;1579;1729;1570;1323;1487;2080;2137;3307;2719;628;705;1009;1144;659;444;1131;1362;1617;1642;1604;1408;1618;2225;2344;3687;3984
31.12.2024;07317;Pirmasens, kreisfreie Stadt;538;526;780;883;603;424;1071;1348;1294;1299;1172;1048;1135;1553;1602;2535;1843;507;534;683;843;542;324;991;1111;1118;1203;1054;1045;1139;1481;1767;2712;3053
31.12.2024;07318;Speyer, kreisfreie Stadt;663;664;929;1110;688;557;1274;1497;1592;1626;1492;1394;1480;1968;1974;2882;2309;631;582;843;1056;634;435;1080;1377;1490;1454;1496;1491;1679;2081;2046;3475;3615
31.12.2024;07319;Worms, kreisfreie Stadt;1190;1339;1892;2199;1392;949;2605;3010;3121;2979;2840;2636;2712;3285;3178;4724;3472;1103;1232;1805;2033;1188;890;2417;2413;2784;2877;2810;2675;2786;3075;3199;5051;4892
31.12.2024;07320;Zweibr�cken, kreisfreie Stadt;432;438;630;746;473;319;916;1116;1069;1111;1013;909;976;1281;1366;2116;1614;421;442;632;776;472;303;781;854;954;1049;1054;986;948;1218;1340;2303;2265
31.12.2024;07331;Alzey-Worms, Landkreis;1868;2104;2779;3282;1919;1265;3333;3297;3860;4482;4349;3912;4130;5427;5423;8382;5302;1704;2101;2756;3075;1764;1178;2777;3052;3736;4301;4157;3973;4212;5587;5598;8948;7205
31.12.2024;07332;Bad D�rkheim, Landkreis;1643;1898;2497;2983;1894;1220;2787;3099;3660;4163;4030;3863;4197;6027;6058;8969;6976;1594;1881;2572;2878;1716;1126;2478;2829;3645;4049;4162;3874;4469;5873;6135;9606;9478
31.12.2024;07333;Donnersbergkreis;902;1075;1503;1800;1095;733;1808;1888;2114;2437;2234;2222;2324;3145;3317;5174;3256;905;1064;1434;1729;1053;707;1507;1640;2052;2301;2270;2187;2464;3172;3418;5359;4494
31.12.2024;07334;Germersheim, Landkreis;1732;2132;2843;3195;2045;1384;3276;3626;3945;4507;4436;3911;4300;5387;5362;7949;5446;1722;1970;2622;3028;1817;1165;2934;3339;3924;4414;4481;3976;4338;5376;5317;8196;7288
31.12.2024;07335;Kaiserslautern, Landkreis;1784;1634;2232;2755;1613;1114;2575;2589;2973;3441;3211;2961;3228;4207;4532;6922;4489;1695;1575;2174;2518;1492;915;2150;2454;3092;3514;3378;3107;3310;4164;4569;7391;6585
31.12.2024;07336;Kusel, Landkreis;964;953;1348;1498;944;645;1749;1839;1980;2150;2049;1906;2103;2904;3134;5180;3223;918;925;1211;1490;852;614;1355;1487;1912;2034;1990;1895;2235;2855;3171;5273;4548
31.12.2024;07337;S�dliche Weinstra�e, Landkreis;1334;1664;2319;2636;1597;1032;2591;2701;3180;3590;3595;3158;3526;4810;5027;7435;5414;1260;1550;2112;2583;1424;915;2146;2482;3056;3504;3482;3281;3689;5117;5251;8101;7469
31.12.2024;07338;Rhein-Pfalz-Kreis;2080;2487;3539;3888;2283;1394;3549;3666;4409;5066;5108;4693;4767;6252;6645;9293;7632;2016;2372;3251;3693;2068;1305;2997;3256;4238;4996;5128;4605;4912;6564;6827;10243;10660
31.12.2024;07339;Mainz-Bingen, Landkreis;2684;3149;4390;5330;3213;2136;4953;5121;5505;6284;6791;6210;6953;8923;8435;12417;9174;2589;2984;4169;4975;2935;1943;4112;4346;5452;6675;7146;6662;7152;8981;8759;13316;12590
31.12.2024;07340;S�dwestpfalz, Landkreis;1124;1170;1669;1901;1120;782;1908;2054;2459;2791;2541;2385;2756;3977;4260;6579;4778;1068;1144;1540;1850;1066;664;1582;1875;2464;2639;2602;2410;2935;4025;4342;7033;6481
31.12.2024;08111;Stuttgart, kreisfreie Stadt;8086;8417;11207;13549;8437;6156;20118;27007;27028;24421;21242;19424;19641;20969;18906;25022;25095;7572;8057;10466;12868;7782;5713;20098;25847;25897;22731;21015;19307;19053;20071;18673;27749;35039
31.12.2024;08115;B�blingen, Landkreis;5876;6549;8661;10029;6038;4078;10031;11839;13059;14260;13455;12384;12951;15512;14395;19341;17831;5724;6231;8298;9719;5696;3596;8996;10863;12813;13686;13411;12456;12715;14890;14170;21445;24169
31.12.2024;08116;Esslingen, Landkreis;7551;8264;10730;12821;8024;5579;15318;17771;18525;18521;17633;16323;17673;21295;20152;26452;24851;7134;7931;10268;12360;7493;5063;12769;15130;16824;17544;17398;16665;17716;21216;19903;29457;34247
31.12.2024;08117;G�ppingen, Landkreis;3575;4028;5488;6356;3814;2695;7115;7822;8352;8667;8272;7506;8167;10272;10110;14074;12084;3488;3815;5265;6115;3666;2422;6010;6718;7714;8226;8193;7553;8387;10246;9973;15514;17107
31.12.2024;08118;Ludwigsburg, Landkreis;7940;8632;11428;13464;8256;5382;14052;16281;17829;18646;17704;16680;17363;21706;19676;26227;23171;7668;7993;10941;12793;7756;4884;12550;14721;17155;18343;18039;17114;17757;20807;19453;29728;33235
31.12.2024;08119;Rems-Murr-Kreis;6101;6770;9170;10614;6444;4580;11766;13187;14231;14784;14133;13190;14282;18062;17398;22913;20636;5807;6686;8783;10355;6160;4160;10375;11849;13384;14039;13921;13213;14497;17884;17325;25324;28673
31.12.2024;08121;Heilbronn, kreisfreie Stadt;1966;2047;2725;3372;2047;1553;4946;5718;5452;5074;4405;4073;4152;4498;4162;5567;5076;1786;1987;2650;3040;1911;1397;3706;4163;4561;4592;4395;4144;4069;4161;4142;6647;7802
31.12.2024;08125;Heilbronn, Landkreis;5250;5986;7918;8972;5364;3712;9449;10755;11671;12589;12048;10987;11450;14055;13593;18822;14491;4983;5662;7129;8271;4987;3058;8162;9402;10877;11881;11503;10725;11611;14136;13801;20605;19972
31.12.2024;08126;Hohenlohekreis;1623;1911;2423;2908;1884;1221;3297;3751;3839;4180;3879;3406;3760;4545;4609;6480;4614;1638;1768;2254;2605;1572;1067;2811;3085;3619;3679;3462;3333;3873;4508;4590;7032;6418
31.12.2024;08127;Schw�bisch Hall, Landkreis;2940;3168;4360;4889;2931;2153;5682;6503;6883;7379;6827;6084;6334;7740;7670;11327;7918;2847;3181;4244;4906;2976;1992;4738;5327;6058;6656;6436;5833;6410;7801;7742;12217;10750
31.12.2024;08128;Main-Tauber-Kreis;1794;2039;2658;3136;1901;1299;3492;3813;4230;4423;4192;3808;4185;5504;5305;8462;6300;1632;1867;2412;2853;1832;1227;2917;3191;3676;3963;3956;3768;4328;5425;5601;9126;8854
31.12.2024;08135;Heidenheim, Landkreis;1733;2034;2725;3417;2032;1432;3848;4100;4496;4593;4487;4091;4271;5217;5167;7500;6277;1759;1975;2706;3132;1965;1233;3152;3469;3984;4347;4268;3984;4373;5132;5228;8069;9039
31.12.2024;08136;Ostalbkreis;4540;4986;6470;7721;4818;3335;8732;9796;10387;10597;10207;9270;10423;12616;12176;17822;14017;4255;4705;6261;7289;4549;3109;8082;8698;9545;9887;9912;9461;10322;12482;12361;19133;19463
31.12.2024;08211;Baden-Baden, kreisfreie Stadt;672;740;979;1176;795;515;1309;1473;1521;1652;1617;1531;1707;2337;2391;3391;3301;571;761;1008;1158;700;477;1281;1413;1643;1804;1920;1843;1852;2287;2264;3900;4892
31.12.2024;08212;Karlsruhe, kreisfreie Stadt;3603;4000;5064;6440;3869;3757;14253;15819;13394;11234;10079;8920;9229;11000;10149;13676;12509;3361;3647;5142;5885;3636;3014;10311;12398;11212;10059;9642;8873;9215;10810;10375;15959;18516
31.12.2024;08215;Karlsruhe, Landkreis;6128;6855;9131;11216;6861;4700;11829;13337;14489;15839;15254;13662;14956;18785;18304;25516;20778;5635;6593;8688;10557;6092;4030;9456;11260;13255;14796;14931;13808;15033;18502;18649;28207;29132
31.12.2024;08216;Rastatt, Landkreis;3060;3382;4658;5557;3368;2350;5975;6490;7196;7646;7615;6849;7322;9398;9562;13777;10575;2896;3296;4317;5225;3181;1967;4918;5457;6628;7314;7400;6890;7584;9393;9647;14994;14850
31.12.2024;08221;Heidelberg, kreisfreie Stadt;1920;1965;2658;3055;1909;1977;8094;8411;6917;5430;4696;3886;3777;4440;4024;6035;5403;1770;2003;2576;3081;1825;2171;10319;8738;6700;5408;4944;4237;3945;4480;4412;6924;7626
31.12.2024;08222;Mannheim, kreisfreie Stadt;4199;4307;5753;6824;4142;3442;12036;13708;13359;12309;11166;9697;10026;11444;10551;14048;12235;3973;4194;5630;6393;3929;3100;11826;13059;12004;10953;10435;9340;9579;10904;10268;15668;17534
31.12.2024;08225;Neckar-Odenwald-Kreis;1872;2209;2906;3364;2137;1574;4151;4280;4491;4802;4482;4091;4504;6045;6162;9077;6672;1810;2029;2829;3281;1970;1348;3134;3480;3984;4360;4339;4170;4792;5740;6320;9587;9271
31.12.2024;08226;Rhein-Neckar-Kreis;7173;8319;11604;14054;8327;5752;14024;15481;17167;18268;18054;16431;17490;23092;21737;30709;26829;6837;8034;10960;12892;7710;5172;12715;14464;16407;18026;18545;17324;18327;23224;22616;34401;36396
31.12.2024;08231;Pforzheim, kreisfreie Stadt;2054;2216;2876;3463;2103;1548;4364;4942;4957;4882;4411;4016;4058;4654;4494;6085;5295;1918;2103;2851;3199;1973;1475;4097;4387;4496;4524;4319;4009;4177;4612;4641;7273;8440
31.12.2024;08235;Calw, Landkreis;2408;2510;3355;4053;2434;1721;4321;4655;5036;5556;5149;4722;5138;6357;6583;9253;7141;2278;2531;3218;3700;2292;1466;3646;4058;4741;5136;5097;4656;5118;6472;6672;10077;9701
31.12.2024;08236;Enzkreis;2891;3232;4245;4848;3026;1972;5285;5664;6090;6523;6355;5767;6268;8295;8130;11296;9210;2746;3189;4226;4669;2818;1797;4410;4849;5600;6370;6358;5671;6359;8462;8187;12120;12817
31.12.2024;08237;Freudenstadt, Landkreis;1685;1851;2407;2915;1864;1281;3540;3878;3982;4007;3865;3556;3985;5028;5019;6926;5189;1555;1760;2439;2811;1764;1196;2946;3158;3617;3688;3728;3475;3914;4886;5080;7502;7461
31.12.2024;08311;Freiburg im Breisgau, kreisfreie Stadt;3261;3462;4468;5351;3201;2536;8905;10906;10082;8613;7390;6095;6055;7195;6734;10302;8491;3069;3156;4067;4834;2857;2844;12799;12428;10339;8698;7409;6556;6632;7709;7518;11491;12007
31.12.2024;08315;Breisgau-Hochschwarzwald, Landkreis;3714;4420;5673;6857;4161;2801;7084;7804;8398;8706;8414;7652;8190;10769;10549;15601;13430;3565;4149;5479;6432;3927;2711;6104;6867;8029;8548;8632;7945;8741;11307;10980;17353;17566
31.12.2024;08316;Emmendingen, Landkreis;2478;2692;3569;4098;2485;1796;4491;5006;5354;5656;5478;4810;5287;6790;6607;9802;7580;2289;2586;3511;3938;2390;1641;3710;4213;4879;5509;5545;4990;5539;6894;6989;10686;10499
31.12.2024;08317;Ortenaukreis;6291;6914;9247;11002;6787;4628;12232;13677;14402;15130;14131;12689;14007;17950;17763;25915;19371;5809;6715;8893;10318;6443;4318;10257;11808;13172;14110;13869;12794;14110;17672;17605;27757;27072
31.12.2024;08325;Rottweil, Landkreis;2151;2379;2997;3474;2189;1488;3650;4143;4489;4647;4329;4033;4483;5800;5595;7980;6313;2026;2180;2963;3266;2047;1331;3101;3575;4078;4392;4246;3919;4487;5588;5801;8394;8703
31.12.2024;08326;Schwarzwald-Baar-Kreis;3080;3379;4381;5213;3329;2182;5891;6777;6865;7287;6722;6104;6415;7997;8228;12117;10046;2929;3329;4317;4955;3088;2002;5129;5689;6407;6824;6626;6090;6460;8117;8248;13411;14431
31.12.2024;08327;Tuttlingen, Landkreis;2312;2572;3127;3970;2383;1683;4191;4586;4812;5090;4781;4355;4682;5395;5385;7713;5825;2150;2302;3151;3616;2219;1386;3518;3982;4443;4821;4521;4331;4480;5407;5349;8378;8292
31.12.2024;08335;Konstanz, Landkreis;3676;4474;5958;6890;4167;3128;9499;9798;9468;9387;8691;7782;8348;10983;10707;15506;13654;3540;4099;5461;6471;3972;3053;9565;9450;8993;9329;9170;8281;9050;11923;11542;17098;18728
31.12.2024;08336;L�rrach, Landkreis;2983;3776;5242;6208;3763;2490;6202;6953;7753;8095;7520;6816;7346;9445;9242;13021;10204;2848;3749;5006;5956;3633;2261;5195;6278;7242;7842;7750;7173;7823;9884;9787;14207;14570
31.12.2024;08337;Waldshut, Landkreis;1933;2836;3831;4564;2788;1803;4459;4750;5364;5627;5573;4849;5195;6677;6739;9982;7758;1933;2791;3638;4377;2663;1594;3765;4226;4994;5627;5618;4978;5317;6812;6912;11125;10481
31.12.2024;08415;Reutlingen, Landkreis;4143;4650;6197;7210;4474;3108;8356;9073;9529;9602;9416;8416;9482;11723;11225;15768;12990;3927;4394;5890;6788;4229;2974;7320;7982;8740;9427;9352;8842;9606;11536;11378;17449;18287
31.12.2024;08416;T�bingen, Landkreis;3235;3491;4725;5256;3188;2500;8809;9249;8386;7647;7195;6080;6478;8131;8057;11825;8871;3013;3477;4713;5340;3219;2871;10736;9267;8054;7752;7283;6335;6829;8309;8380;12748;12097
31.12.2024;08417;Zollernalbkreis;2668;2965;3885;4630;2860;1982;5231;5732;6091;6300;5984;5445;6104;7781;8012;11313;8681;2523;2905;3729;4418;2695;1807;4409;4721;5709;6116;5945;5539;6352;7734;8010;12409;12641
31.12.2024;08421;Ulm, kreisfreie Stadt;1801;1749;2359;2935;1737;1252;4570;6105;5703;4916;4250;3918;3978;4248;3804;5463;5299;1680;1815;2327;2967;1833;1477;4774;5410;4844;4162;4096;3832;3855;4344;3996;6692;7691
31.12.2024;08425;Alb-Donau-Kreis;3040;3514;4490;5259;3235;2246;5706;6110;6468;7074;6796;6277;6590;8000;7826;10836;8241;2845;3288;4322;4881;2943;1944;4835;5505;6039;6650;6505;5988;6478;7878;7651;11517;11377
31.12.2024;08426;Biberach, Landkreis;3155;3488;4700;5410;3279;2258;5708;6434;7034;7474;6901;6323;6789;8337;7715;11276;8253;2983;3427;4439;5208;3130;1878;4725;5526;6316;6999;6767;6075;6707;7983;7696;11840;11182
31.12.2024;08435;Bodenseekreis;2979;3377;4350;5186;3348;2342;5543;6141;6777;7091;6922;6497;6802;8871;8426;12240;11686;2838;3124;4157;5019;3139;2069;4701;5570;6394;6971;7039;6483;7016;8894;8786;14154;15872
31.12.2024;08436;Ravensburg, Landkreis;4061;4767;6039;7229;4460;3095;8586;9392;9711;9937;9112;8437;9270;11405;10778;15636;12949;4052;4486;5865;6871;4165;2846;7759;8381;8853;9136;9207;8348;9504;11489;11136;16980;17160
31.12.2024;08437;Sigmaringen, Landkreis;1883;2049;2683;3289;2079;1400;3753;4106;4357;4436;3972;3784;4129;5358;5548;7713;5627;1735;1946;2563;3010;1896;1308;3093;3410;3822;4024;4058;3587;4303;5447;5538;8226;8035
31.12.2024;09161;Ingolstadt, kreisfreie Stadt;2209;2323;2848;3435;2007;1482;4775;6010;5789;5822;5148;4668;4425;4946;4424;6240;5240;2071;2205;2847;3237;1852;1227;3700;4738;5085;5141;4848;4339;4273;4789;4428;7181;7433
31.12.2024;09162;M�nchen, kreisfreie Stadt;22990;21552;26666;32105;18872;14628;46859;68502;68974;63577;54179;48237;47227;51335;41669;53605;56465;21324;20531;26014;30238;18021;13330;46993;69041;69305;61312;54511;49085;46937;50340;44388;64470;81723
31.12.2024;09163;Rosenheim, kreisfreie Stadt;944;967;1264;1471;917;668;2222;2683;2529;2429;2101;2060;2003;2344;2125;2809;2816;906;949;1158;1400;844;602;1830;2412;2331;2242;2081;1996;2065;2395;2264;3366;4081
31.12.2024;09171;Alt�tting, Landkreis;1629;1925;2362;2847;1639;1168;2978;3430;3641;3876;3776;3348;3639;4484;4515;6319;4978;1534;1640;2333;2665;1527;1035;2691;2931;3252;3524;3669;3207;3610;4440;4564;7161;7601
31.12.2024;09172;Berchtesgadener Land, Landkreis;1321;1601;2108;2417;1414;1027;2564;3234;3444;3637;3443;3042;3200;4102;3906;5539;5510;1314;1468;1994;2315;1328;912;2450;2919;3181;3370;3214;3054;3266;4208;4195;6461;8134
31.12.2024;09173;Bad T�lz-Wolfratshausen, Landkreis;1796;2065;2786;3305;2048;1402;3200;3526;4012;4227;4227;4026;4106;5439;4951;6818;6370;1757;1855;2578;2937;1757;1144;3058;3244;3658;4242;4392;4047;4366;5583;5148;7444;8734
31.12.2024;09174;Dachau, Landkreis;2273;2433;3309;4061;2316;1542;4145;4858;5057;5373;5453;5105;5151;6398;5743;7355;6187;2058;2342;3060;3603;2169;1381;3578;3922;4636;5297;5569;5261;5167;6181;5639;8099;8874
31.12.2024;09175;Ebersberg, Landkreis;2070;2402;3136;4019;2378;1629;3910;4188;4312;4642;4970;4915;5088;6255;5179;6497;6370;1975;2179;3032;3725;2174;1403;3383;3498;3968;4736;5271;4965;4953;6016;5299;7033;8655
31.12.2024;09176;Eichst�tt, Landkreis;1961;2451;3240;3699;2213;1433;3809;4008;4261;4733;4778;4577;4307;5437;5062;7349;5299;1892;2388;3129;3486;2025;1276;3382;3447;3935;4663;4713;4114;4274;5085;5069;7394;6779
31.12.2024;09177;Erding, Landkreis;1991;2246;3074;3472;2140;1415;3886;4334;4528;4828;4774;4779;4978;6271;5577;6928;5124;1989;2145;2905;3277;2018;1306;3581;3897;4333;4679;4880;4655;4937;5831;5259;7084;7006
31.12.2024;09178;Freising, Landkreis;2578;2981;3888;4639;2818;2008;6044;7077;6823;7109;6802;6343;6500;7608;6636;8072;6382;2481;2658;3542;4179;2442;1765;5228;6040;6052;6446;6376;5992;6057;7314;6526;8579;8579
31.12.2024;09179;F�rstenfeldbruck, Landkreis;3066;3383;4668;5707;3413;2300;5534;5975;6537;7150;7280;7052;7298;8955;7687;9972;10955;2829;3128;4396;5356;3142;2014;5068;5426;6397;7182;7542;7234;7294;8814;8024;11816;15633
31.12.2024;09180;Garmisch-Partenkirchen, Landkreis;1100;1248;1654;1895;1204;852;2134;2549;2744;2702;2480;2428;2651;3674;3599;4873;5087;1064;1152;1570;1834;1135;749;1997;2330;2724;2752;2685;2714;2944;4042;3805;5502;7423
31.12.2024;09181;Landsberg am Lech, Landkreis;1681;1935;2584;3090;1874;1169;3059;3482;3714;3960;3924;3780;3929;5355;4937;6537;5693;1568;1848;2492;2973;1785;1135;2604;2865;3260;3773;4008;3717;4219;5467;5185;7133;7372
31.12.2024;09182;Miesbach, Landkreis;1277;1448;1919;2320;1484;971;2480;2551;2831;3075;2976;2842;3267;4314;3865;5047;5052;1236;1307;1819;2142;1317;820;2091;2218;2618;3046;3154;3097;3409;4332;4000;5519;7308
31.12.2024;09183;M�hldorf am Inn, Landkreis;1798;1882;2532;3048;1723;1309;3329;3853;4193;4337;4141;3869;4100;5052;4733;6715;5139;1725;1878;2366;2799;1685;1062;2945;3230;3668;3945;3759;3716;3942;4759;4702;7097;7006
31.12.2024;09184;M�nchen, Landkreis;4604;5331;7504;9370;5899;4112;10891;10730;10577;11436;11705;11789;12024;14580;11882;15109;17794;4371;4999;7126;8951;5463;3661;8738;9051;9896;11462;12663;12350;12399;14207;12164;17162;24396
31.12.2024;09185;Neuburg-Schrobenhausen, Landkreis;1447;1595;2154;2601;1523;1046;2702;2912;3214;3468;3484;3197;3292;3984;3912;5362;3973;1404;1588;2106;2528;1479;936;2311;2481;2956;3190;3419;3068;3162;3714;3866;5741;5549
31.12.2024;09186;Pfaffenhofen an der Ilm, Landkreis;1940;2275;2895;3340;1913;1292;3541;4006;4428;4924;4828;4366;4296;5369;5042;6808;5081;1924;2104;2752;3160;1739;1150;2949;3333;4050;4576;4674;4040;4124;5034;4994;7196;6638
31.12.2024;09187;Rosenheim, Landkreis;3582;4165;5501;6402;3927;2628;6428;7096;7795;8388;8321;7370;8263;10783;9972;14049;12582;3451;3800;5098;6113;3459;2276;5678;6190;7430;8196;8239;7848;8733;11217;10691;15559;17407
31.12.2024;09188;Starnberg, Landkreis;1604;2073;2874;3622;2374;1564;3466;3371;3502;3882;4171;4165;4668;6080;5324;6807;7851;1557;1983;2704;3573;2259;1382;3097;2926;3416;3975;4631;4731;5070;6329;5557;8016;10725
31.12.2024;09189;Traunstein, Landkreis;2450;2742;3552;4044;2582;1670;4256;4946;5420;5581;5438;4913;5524;6989;7051;10041;8919;2275;2504;3255;3825;2404;1594;3758;4385;5154;5629;5306;5212;5700;7271;7338;11026;12390
31.12.2024;09190;Weilheim-Schongau, Landkreis;2032;2197;3036;3477;2150;1387;3458;3919;4191;4496;4383;3993;4213;5684;5500;7601;6918;1810;2193;2863;3363;1884;1297;3018;3395;4051;4408;4378;4066;4519;5894;5730;8330;9123
31.12.2024;09261;Landshut, kreisfreie Stadt;1033;987;1373;1652;1051;700;2095;2674;2692;2753;2402;2260;2278;2719;2360;3235;2978;929;978;1317;1587;989;726;2113;2534;2407;2420;2393;2352;2254;2660;2440;3968;4554
31.12.2024;09262;Passau, kreisfreie Stadt;613;643;845;999;639;470;1978;2682;2100;1880;1553;1437;1528;1739;1749;2617;2464;626;646;829;1004;618;555;2278;2208;1788;1599;1659;1467;1456;1773;1816;3162;3619
31.12.2024;09263;Straubing, kreisfreie Stadt;617;621;813;1057;657;532;1595;1960;1956;1876;1702;1591;1611;1835;1795;2557;2018;580;567;789;950;610;439;1478;1615;1478;1450;1480;1451;1517;1713;1879;3085;3128
31.12.2024;09271;Deggendorf, Landkreis;1597;1781;2223;2859;1652;1248;3954;4258;4178;4010;3925;3588;4048;4909;4860;7090;4922;1501;1611;2189;2575;1563;1112;3244;3537;3696;3703;3794;3599;4031;4621;4916;7849;7201
31.12.2024;09272;Freyung-Grafenau, Landkreis;1036;1063;1410;1709;1078;762;2045;2230;2438;2312;2378;2250;2614;3299;3454;5497;3522;892;1015;1457;1604;933;632;1735;2012;2204;2273;2341;2183;2701;3385;3667;5723;4856
31.12.2024;09273;Kelheim, Landkreis;1779;2060;2635;3131;2061;1428;3536;3852;4105;4435;4408;4096;4341;5216;5015;6826;4906;1718;2001;2479;3106;1762;1198;3091;3236;3699;4042;4152;3974;4088;4847;4762;7353;6699
31.12.2024;09274;Landshut, Landkreis;2355;2630;3585;4082;2465;1674;4260;4627;5185;5501;5487;5170;5549;6971;6419;9029;6563;2257;2556;3380;3939;2397;1484;3700;3858;4671;5381;5446;5128;5549;6643;6375;9416;8438
31.12.2024;09275;Passau, Landkreis;2459;2773;3659;4496;2766;1922;5035;5436;5720;6056;6326;5834;6513;7974;7952;12586;9093;2335;2715;3474;4233;2462;1574;4391;4719;5359;5830;5960;5623;6541;7934;8499;13642;12808
31.12.2024;09276;Regen, Landkreis;973;1120;1426;1775;1027;721;1995;2152;2386;2476;2386;2224;2565;3140;3247;5358;3494;951;1073;1411;1583;961;720;1741;1890;2086;2294;2248;2288;2517;3208;3394;5513;4924
31.12.2024;09277;Rottal-Inn, Landkreis;1633;1877;2477;2803;1785;1236;3226;3535;3887;3847;3768;3526;3986;4844;4855;7327;5396;1593;1714;2199;2692;1634;1081;2799;3209;3535;3568;3766;3427;3873;4866;5083;7844;7606
31.12.2024;09278;Straubing-Bogen, Landkreis;1469;1755;2135;2421;1444;1059;2783;2776;3192;3491;3437;3163;3609;4341;4254;6157;4130;1475;1662;2048;2356;1450;943;2304;2392;3035;3292;3213;3128;3634;4300;4186;6397;5610
31.12.2024;09279;Dingolfing-Landau, Landkreis;1374;1601;1962;2429;1452;1032;3029;3330;3685;3999;3571;3330;3516;4083;4096;5744;3778;1338;1565;1960;2173;1349;894;2333;2494;3075;3276;3240;3007;3267;3842;3991;5914;5306
31.12.2024;09361;Amberg, kreisfreie Stadt;499;562;748;865;617;405;1249;1507;1503;1488;1426;1249;1210;1608;1564;2441;1949;493;573;761;919;563;377;1037;1217;1255;1311;1255;1162;1331;1704;1739;2882;3084
31.12.2024;09362;Regensburg, kreisfreie Stadt;2070;1766;2394;2862;1706;1564;5900;8343;7526;5962;5025;4358;4380;4884;4332;6210;5318;2042;1839;2358;2911;1803;1542;6521;7496;6427;5464;5044;4611;4526;4778;4677;7029;7721
31.12.2024;09363;Weiden in der Oberpfalz, kreisfreie Stadt;540;512;735;907;581;439;1274;1556;1574;1377;1234;1142;1286;1684;1600;2265;1925;533;509;732;858;543;394;1201;1353;1269;1275;1304;1235;1393;1684;1715;2717;3098
31.12.2024;09371;Amberg-Sulzbach, Landkreis;1503;1544;2010;2344;1526;1016;2586;2919;3213;3453;3212;3017;3383;4460;4597;6673;4502;1472;1437;1950;2263;1357;865;2274;2479;2985;3264;3162;2985;3387;4434;4638;6833;6239
31.12.2024;09372;Cham, Landkreis;1677;1845;2431;2853;1751;1237;3407;3989;4122;4239;4190;3780;4298;5282;5399;8477;5644;1577;1830;2321;2876;1636;1157;2964;3166;3622;4010;3918;3703;4280;5126;5400;8593;7734
31.12.2024;09373;Neumarkt in der Oberpfalz, Landkreis;2011;2257;3003;3332;2037;1448;3805;4240;4675;4824;4770;4261;4615;5851;5599;8020;5463;1873;2180;2577;3186;1804;1231;3302;3604;4203;4353;4384;4007;4562;5665;5645;8413;7493
31.12.2024;09374;Neustadt an der Waldnaab, Landkreis;1493;1462;1864;2166;1331;906;2427;2687;2926;3139;3134;2748;3079;4123;4218;6193;4060;1392;1378;1828;2101;1218;780;2122;2354;2779;3051;2940;2691;3182;4103;4109;6391;5674
31.12.2024;09375;Regensburg, Landkreis;2800;3122;4215;5083;2997;2032;5137;5257;5886;6612;6595;6193;6652;8094;7899;11302;8307;2615;2965;4130;4561;2742;1714;4313;4648;5569;6400;6569;6218;6711;8123;7873;12098;10781
31.12.2024;09376;Schwandorf, Landkreis;2070;2288;2989;3476;2061;1468;3976;4409;4875;5175;4846;4823;5059;6191;6231;8898;6028;1928;2160;2796;3238;1944;1331;3392;3942;4500;4710;4787;4450;5071;5850;6218;9331;8801
31.12.2024;09377;Tirschenreuth, Landkreis;875;983;1272;1557;949;658;1747;2048;2258;2385;2165;2057;2475;3166;3294;4739;3265;933;995;1273;1585;905;615;1572;1827;2089;2072;2120;2028;2328;2986;3206;5022;4761
31.12.2024;09461;Bamberg, kreisfreie Stadt;1085;989;1308;1525;928;725;2654;3635;3432;3113;2510;2163;2156;2651;2549;3435;2964;1036;986;1271;1490;912;690;2635;3241;3003;2735;2351;2118;2260;2686;2718;4227;4969
31.12.2024;09462;Bayreuth, kreisfreie Stadt;774;863;1135;1346;915;823;3342;3630;2912;2457;2177;1951;1980;2431;2347;3535;3241;764;799;1106;1323;843;774;3134;3062;2324;2137;2009;1914;2094;2506;2610;4505;5177
31.12.2024;09463;Coburg, kreisfreie Stadt;493;507;681;815;534;407;1302;1540;1472;1538;1382;1050;1103;1465;1494;2253;1987;474;528;648;783;542;383;1261;1287;1247;1257;1202;1155;1299;1570;1696;2785;2924
31.12.2024;09464;Hof, kreisfreie Stadt;617;666;889;1125;683;505;1530;1922;1612;1582;1371;1254;1391;1681;1661;2493;2111;557;621;894;1048;583;423;1278;1361;1348;1395;1352;1318;1469;1744;1765;3047;3482
31.12.2024;09471;Bamberg, Landkreis;1958;2373;3162;3573;2263;1470;3711;3827;4407;5060;5013;4572;5054;6258;6346;9029;5756;1889;2254;3086;3482;1901;1306;3119;3398;4220;4923;4860;4423;4922;6385;6414;9357;8006
31.12.2024;09472;Bayreuth, Landkreis;1314;1541;1988;2368;1480;1003;2536;2606;2870;3198;3301;2950;3508;4527;4513;6772;4761;1264;1447;1861;2260;1297;899;2077;2166;2700;3207;3205;3034;3696;4517;4564;6934;6851
31.12.2024;09473;Coburg, Landkreis;1093;1303;1657;1976;1167;774;2049;2013;2396;2814;2720;2369;2698;3707;3749;5402;4017;974;1117;1531;1747;1019;678;1591;1813;2274;2701;2667;2414;2784;3728;3784;5944;5798
31.12.2024;09474;Forchheim, Landkreis;1558;1801;2363;2775;1622;1123;2910;3145;3526;3781;3776;3649;3644;4817;5106;7110;5002;1477;1790;2360;2731;1667;1051;2430;2605;3187;3708;3888;3452;3874;4867;5159;7398;6832
31.12.2024;09475;Hof, Landkreis;1012;1281;1615;2015;1223;856;2135;2262;2623;2671;2612;2494;3011;4083;4191;6282;4808;1056;1166;1585;1893;1134;760;1815;2004;2454;2575;2692;2523;3284;4101;4220;6679;7076
31.12.2024;09476;Kronach, Landkreis;694;733;1019;1362;808;566;1635;1722;1896;1925;1945;1921;2274;2932;3010;4419;3173;662;719;1030;1324;799;512;1295;1337;1627;1739;1823;1921;2346;2888;3006;4766;4717
31.12.2024;09477;Kulmbach, Landkreis;789;941;1235;1523;967;723;1815;1951;2120;2236;2120;2077;2356;3170;3230;4688;3399;782;887;1183;1415;883;568;1486;1675;1875;2035;2110;2043;2479;3202;3148;5184;5223
31.12.2024;09478;Lichtenfels, Landkreis;794;974;1286;1503;956;585;1627;1810;2145;2106;2092;1948;2230;2805;2965;4272;3129;823;858;1210;1516;891;539;1364;1663;1947;2031;2039;2014;2312;2832;2962;4658;4493
31.12.2024;09479;Wunsiedel im Fichtelgebirge, Landkreis;820;993;1288;1616;937;671;1635;1768;1988;1994;1979;1868;2219;2927;3116;4715;3833;777;849;1219;1388;864;575;1531;1743;1867;1926;2090;1937;2340;3075;3207;5204;5590
31.12.2024;09561;Ansbach, kreisfreie Stadt;631;611;760;909;566;411;1171;1424;1384;1344;1323;1167;1173;1514;1441;2162;1763;565;598;755;894;569;441;1080;1206;1253;1263;1285;1229;1266;1590;1645;2666;2683
31.12.2024;09562;Erlangen, kreisfreie Stadt;1601;1619;2200;2558;1607;1171;4597;6836;5057;4099;3734;3032;3109;3927;3595;4706;4224;1523;1477;2027;2317;1416;1108;4420;5316;4406;3820;3748;3237;3282;3895;3632;5628;7004
31.12.2024;09563;F�rth, kreisfreie Stadt;1802;1955;2546;2910;1796;1238;3518;4664;5138;5148;4872;4295;4184;5081;4795;6249;4849;1669;1877;2474;2758;1628;1102;3332;4331;4664;4700;4652;4359;4340;5217;4989;7406;7498
31.12.2024;09564;N�rnberg, kreisfreie Stadt;7063;7385;9861;11900;7306;5301;16062;21065;21243;20197;18426;16467;16344;19405;17123;23514;21696;6809;7109;9406;11213;6712;4918;15425;19505;19255;18828;18258;17004;16792;18524;17498;28221;33673
31.12.2024;09565;Schwabach, kreisfreie Stadt;541;640;881;1042;628;416;948;1103;1157;1312;1300;1187;1233;1762;1586;2187;2009;496;573;777;920;569;338;988;1110;1188;1320;1301;1326;1333;1796;1588;2455;2825
31.12.2024;09571;Ansbach, Landkreis;2667;3125;3990;4523;2897;1936;4996;5490;5964;6309;6302;5598;6218;7595;7713;11178;7558;2567;2911;3885;4215;2555;1697;4251;4824;5443;6072;5803;5578;6094;7654;7732;11607;10686
31.12.2024;09572;Erlangen-H�chstadt, Landkreis;1851;2356;3196;3719;2174;1395;3304;3358;3809;4496;4975;4361;4477;5482;5474;7923;6235;1739;2150;2942;3337;2042;1218;2851;3070;3657;4737;4866;4385;4530;5714;5509;8756;8237
31.12.2024;09573;F�rth, Landkreis;1566;1851;2484;2904;1696;1028;2627;2805;3307;3848;3876;3626;3598;4788;4574;6731;5891;1430;1719;2398;2698;1541;939;2370;2558;3331;3849;4116;3752;3867;5092;4978;7529;8352
31.12.2024;09574;N�rnberger Land, Landkreis;2096;2748;3542;4222;2475;1592;3988;4093;4769;5345;5582;5081;5461;7252;6840;9623;8174;2024;2392;3392;3737;2183;1364;3359;3621;4722;5696;5903;5181;5720;7234;7045;10862;11495
31.12.2024;09575;Neustadt an der Aisch-Bad Windsheim, Landkreis;1365;1565;2099;2364;1552;959;2562;2832;3020;3362;3455;2987;3217;4327;4257;6393;4319;1341;1529;2056;2324;1337;914;2135;2321;2889;3147;3271;2931;3264;4262;4210;6527;5950
31.12.2024;09576;Roth, Landkreis;1699;1996;2854;3074;1757;1214;3134;3488;3716;4375;4243;3895;4079;5538;5351;7443;5970;1641;1964;2591;2971;1740;1120;2678;3011;3673;4254;4089;3784;4213;5592;5342;8018;8125
31.12.2024;09577;Wei�enburg-Gunzenhausen, Landkreis;1327;1508;1974;2250;1370;982;2493;2675;2865;3247;2874;2789;2929;3728;4016;5856;4315;1238;1415;1937;2069;1269;841;2215;2270;2792;2951;2913;2710;2867;3863;4029;6186;5932
31.12.2024;09661;Aschaffenburg, kreisfreie Stadt;999;1058;1360;1603;1022;727;2033;2506;2761;2688;2414;2161;2235;2678;2637;3783;3103;887;994;1272;1585;941;651;1887;2291;2418;2551;2380;2246;2352;2859;2777;4582;4650
31.12.2024;09662;Schweinfurt, kreisfreie Stadt;693;730;1026;1206;824;690;2300;1901;1945;1838;1733;1510;1507;1855;1902;2811;2502;709;788;1036;1289;757;568;1438;1506;1544;1598;1699;1546;1511;1716;1872;3719;4212
31.12.2024;09663;W�rzburg, kreisfreie Stadt;1562;1610;1998;2325;1454;1244;5269;7209;6079;5066;3922;3392;3286;4052;3873;5814;5607;1465;1540;1939;2214;1369;1272;7253;7511;5573;4297;3800;3383;3278;4283;4325;7203;8791
31.12.2024;09671;Aschaffenburg, Landkreis;2227;2658;3448;3974;2444;1664;4184;4503;5006;5464;5492;4871;5301;7479;7252;10499;8176;2169;2530;3199;3676;2290;1443;3484;3745;4929;5529;5522;5136;5742;7507;7687;10993;10722
31.12.2024;09672;Bad Kissingen, Landkreis;1345;1516;1940;2276;1361;935;2368;2626;2925;3207;3056;2751;3253;4229;4508;6994;5623;1359;1421;1862;2276;1307;908;2142;2494;2773;3089;2995;2932;3248;4309;4556;7378;7527
31.12.2024;09673;Rh�n-Grabfeld, Landkreis;1052;1172;1556;1845;1170;803;2006;2129;2446;2531;2493;2154;2453;3313;3478;5323;3636;977;1145;1584;1779;1074;748;1785;1759;2248;2306;2412;2120;2559;3278;3455;5542;5044
31.12.2024;09674;Ha�berge, Landkreis;1136;1278;1726;1968;1134;875;2216;2286;2622;2674;2792;2355;2641;3555;3742;5484;3623;1060;1225;1655;1933;1081;710;1807;2001;2255;2611;2627;2308;2641;3496;3754;5697;4901
31.12.2024;09675;Kitzingen, Landkreis;1369;1441;1942;2158;1299;879;2408;2532;2934;3175;3001;2760;2978;3824;3800;5432;3805;1227;1389;1787;1978;1216;809;2086;2120;2684;2969;2921;2789;2948;3690;3813;5735;5389
31.12.2024;09676;Miltenberg, Landkreis;1702;1870;2583;2999;1866;1358;3368;3697;3748;3995;3967;3601;4225;5540;5353;7807;5689;1564;1875;2416;2978;1712;1152;2775;3029;3574;3908;3999;3790;4347;5455;5428;8255;7922
31.12.2024;09677;Main-Spessart, Landkreis;1542;1828;2466;2799;1722;1200;3051;3365;3680;3975;3872;3544;3917;5224;5559;8454;6236;1473;1742;2308;2645;1569;1056;2544;2881;3363;3713;3721;3651;4070;5500;5552;8739;8321
31.12.2024;09678;Schweinfurt, Landkreis;1594;1846;2386;2822;1635;1126;2836;2958;3445;3883;3724;3117;3505;4612;4920;7368;5320;1445;1710;2207;2532;1447;956;2333;2549;3317;3665;3503;3215;3468;4825;4929;7656;7123
31.12.2024;09679;W�rzburg, Landkreis;2204;2617;3424;4043;2282;1703;4041;4152;4651;5339;5335;4913;5005;6331;6490;10086;7620;2135;2517;3294;3653;2164;1398;3505;3747;4610;5358;5313;4888;5089;6484;6958;11062;9805
31.12.2024;09761;Augsburg, kreisfreie Stadt;4149;4178;5513;6569;4029;3163;9649;13191;12869;11904;10551;9401;9156;10328;9436;12904;11806;3951;4019;5244;6230;3735;2784;10085;12311;11452;10382;9750;9132;9153;10036;9765;15832;18448
31.12.2024;09762;Kaufbeuren, kreisfreie Stadt;691;751;968;1059;684;479;1221;1462;1540;1670;1583;1374;1320;1664;1701;2483;2160;659;699;867;1032;644;464;1155;1285;1478;1479;1413;1294;1309;1726;1836;2860;3183
31.12.2024;09763;Kempten (Allg�u), kreisfreie Stadt;983;1013;1296;1481;967;691;2036;2640;2615;2392;2222;1934;1979;2335;2117;3274;3258;921;905;1247;1374;847;630;1931;2351;2403;2272;2158;2019;2055;2359;2317;3912;4711
31.12.2024;09764;Memmingen, kreisfreie Stadt;667;671;866;964;638;412;1248;1441;1615;1518;1406;1318;1349;1678;1591;2332;2125;693;675;893;1048;612;445;1119;1313;1415;1434;1344;1350;1313;1608;1637;2586;2868
31.12.2024;09771;Aichach-Friedberg, Landkreis;1938;2253;3098;3485;2073;1390;3528;3658;4035;4591;4663;4261;4394;5853;5436;7367;6099;1866;2126;3061;3476;1995;1199;3065;3278;3855;4551;4564;4134;4418;5725;5459;7799;8110
31.12.2024;09772;Augsburg, Landkreis;3868;4305;6062;6723;3971;2673;6714;7091;7889;8959;8904;8108;8507;10635;10308;14035;11723;3467;4224;5712;6369;3637;2331;5850;6370;7680;8713;8784;7953;8358;10911;10335;15445;16197
31.12.2024;09773;Dillingen an der Donau, Landkreis;1376;1645;2152;2478;1454;1018;2562;2904;3221;3463;3171;2990;3180;4079;3914;5710;4248;1352;1549;1990;2258;1416;943;2281;2472;2931;3139;3020;2932;3203;4043;3955;6096;5754
31.12.2024;09774;G�nzburg, Landkreis;1875;2113;2797;3208;2007;1368;3673;4159;4372;4539;4140;4029;4290;5340;5154;7232;5312;1778;2002;2531;3008;1778;1259;3166;3373;3827;4282;4169;3866;4317;5148;5109;7508;7117
31.12.2024;09775;Neu-Ulm, Landkreis;2770;3006;3820;4393;2540;1861;5242;5825;6295;6766;6407;5691;5908;6904;6633;9477;8151;2610;2905;3489;4101;2612;1636;4757;5380;5954;6266;6177;5499;5820;6815;6708;10439;10738
31.12.2024;09776;Lindau (Bodensee), Landkreis;1058;1255;1647;1909;1098;726;2200;2375;2546;2696;2583;2370;2541;3499;3225;4475;4273;1091;1237;1658;1819;1167;720;1571;2015;2342;2575;2585;2473;2844;3676;3478;4925;5759
31.12.2024;09777;Ostallg�u, Landkreis;2107;2331;3061;3372;2045;1488;3842;4081;4456;4696;4446;4148;4451;5830;5469;8012;6796;2044;2270;2962;3290;2018;1345;3189;3496;4191;4457;4472;4041;4670;5870;5795;8574;8732
31.12.2024;09778;Unterallg�u, Landkreis;2321;2498;3140;3531;2193;1442;4017;4572;4865;5043;4838;4405;4949;6097;5764;8060;6689;2145;2427;3079;3372;1938;1265;3363;3820;4343;4625;4443;4214;4609;5798;5778;8442;9170
31.12.2024;09779;Donau-Ries, Landkreis;1931;2153;2808;3323;1997;1387;3726;4075;4399;4738;4581;4295;4514;5583;5341;7751;5839;1912;2081;2572;3119;1896;1177;3175;3488;3964;4229;4211;4067;4399;5239;5398;7951;7779
31.12.2024;09780;Oberallg�u, Landkreis;2284;2469;3157;3629;2158;1438;3736;4301;4708;5010;4574;4218;4880;6588;6271;8891;8069;2055;2400;3113;3438;1958;1301;3281;3839;4678;4880;4788;4754;5116;6655;6357;9736;10683
31.12.2024;10041;Regionalverband Saarbr�cken, Landkreis;4272;4601;6257;7368;4475;3424;9542;11750;12049;11582;10386;8912;9390;12450;12633;20140;15049;3974;4399;5853;6875;4225;2933;8929;10555;10926;10658;9953;9081;9553;12780;13314;22254;22607
31.12.2024;10042;Merzig-Wadern, Landkreis;1232;1465;2108;2462;1563;1118;2687;2978;3370;3551;3458;3160;3551;4621;4777;7370;4666;1125;1321;1793;2242;1411;911;2328;2663;3109;3319;3362;3179;3500;4598;4804;7790;7187
31.12.2024;10043;Neunkirchen, Landkreis;1605;1863;2522;2915;1871;1286;3223;3678;4141;4418;4231;3556;3870;5465;5778;8900;6331;1496;1711;2343;2802;1657;1111;2863;3230;3813;4190;3959;3756;3994;5556;6035;9665;9345
31.12.2024;10044;Saarlouis, Landkreis;2367;2763;3722;4561;2828;1925;5148;5662;6493;6748;6459;5667;5918;8202;8926;13892;9658;2309;2635;3614;4337;2567;1685;4157;5015;5892;6508;6153;5802;6225;8469;9239;15168;14415
31.12.2024;10045;Saarpfalz-Kreis;1699;1850;2606;3126;1954;1331;3350;3695;4388;4520;4397;3923;4135;5915;6171;9890;7369;1631;1720;2459;2836;1788;1186;3311;3624;4125;4421;4265;4012;4341;6114;6459;10825;10656
31.12.2024;10046;Sankt Wendel, Landkreis;937;1150;1499;1882;1102;731;1874;2160;2490;2729;2583;2364;2671;3717;4229;6637;4561;944;1085;1470;1746;1167;669;1724;2016;2551;2613;2569;2451;2776;3789;4114;6738;6075
31.12.2024;11000;Berlin, kreisfreie Stadt;51200;53505;71593;85258;51185;35478;102578;137758;152202;159548;139223;114558;106495;124903;120619;159208;144948;48436;51303;68707;81416;46996;32144;101393;136979;149019;155182;135912;113091;105176;123025;122965;184348;218914
31.12.2024;12051;Brandenburg an der Havel, kreisfreie Stadt;767;933;1315;1556;981;581;1724;1951;1960;2946;2665;2222;2005;2660;3019;4708;4161;713;897;1361;1638;922;585;1717;1597;1719;2596;2475;1968;1922;2588;3153;5460;6648
31.12.2024;12052;Cottbus, kreisfreie Stadt;1024;1178;1701;2107;1344;894;2759;3249;2614;3403;3217;2555;2443;3180;3598;5904;4964;952;1245;1636;2075;1229;814;2448;2528;2238;2991;2837;2398;2576;3518;4234;7308;7962
31.12.2024;12053;Frankfurt (Oder), kreisfreie Stadt;536;631;1046;1192;811;590;1665;1598;1476;1915;1907;1720;1606;1883;2319;4014;2987;486;666;886;1201;738;543;1538;1402;1233;1758;1692;1626;1592;2017;2606;4506;4721
31.12.2024;12054;Potsdam, kreisfreie Stadt;2247;2772;3899;4853;2793;1959;5289;5719;5608;7405;6846;6340;5551;5981;6068;8389;7509;2129;2580;3716;4542;2601;1779;5594;5765;5564;7558;7262;6405;5514;6060;6385;10230;11842
31.12.2024;12060;Barnim, Landkreis;2057;2666;3966;4953;2909;1805;3915;3622;3955;6997;7209;6571;6071;7615;8625;12919;9733;1881;2502;3867;4736;2788;1664;3460;3263;3961;7303;7016;6094;5903;7819;8934;14053;13337
31.12.2024;12061;Dahme-Spreewald, Landkreis;2084;2587;3851;4388;2522;1552;3708;3581;4141;6435;6765;5776;5748;7354;7856;11500;8768;1938;2407;3591;4195;2420;1366;3163;3275;4153;6399;6533;5465;5563;7213;7736;12278;12482
31.12.2024;12062;Elbe-Elster, Landkreis;918;1188;1794;2146;1352;771;1820;1534;1773;3171;3371;2986;3361;4184;4768;7934;5426;823;1160;1658;2085;1308;688;1381;1297;1649;2954;2933;2621;3023;4094;4933;8574;8289
31.12.2024;12063;Havelland, Landkreis;1854;2371;3493;4429;2634;1572;3936;3683;3743;5948;5932;5469;5526;7526;7982;10505;7659;1759;2268;3480;4311;2457;1507;3321;2990;3615;6043;6022;5517;5407;7513;7622;11343;11397
31.12.2024;12064;M�rkisch-Oderland, Landkreis;1900;2621;4258;5279;2986;1873;3772;3084;3475;6704;7358;6741;6296;8188;9641;14040;9331;1812;2476;3879;4844;2810;1519;3059;2781;3712;7118;7339;6332;5925;8022;9838;14992;13812
31.12.2024;12065;Oberhavel, Landkreis;2254;2876;4371;5436;3247;2082;4726;4156;4526;7471;7898;7148;6948;9501;10175;13920;10464;2105;2812;4197;5268;3079;1826;4107;3603;4451;7595;7883;6961;7114;9733;9978;14813;14966
31.12.2024;12066;Oberspreewald-Lausitz, Landkreis;962;1236;2018;2422;1458;912;2062;1963;2046;3495;3752;3541;3539;4316;5096;7950;5946;949;1208;1902;2354;1349;800;1721;1584;1890;3336;3191;2879;3165;4406;5152;9185;10008
31.12.2024;12067;Oder-Spree, Landkreis;1744;2321;3488;4333;2607;1612;3780;3477;3547;6010;6113;5622;5499;7499;8316;13068;9580;1576;2185;3260;4173;2415;1432;2858;2693;3318;6220;6250;5317;5298;7021;8535;14257;14393
31.12.2024;12068;Ostprignitz-Ruppin, Landkreis;916;1233;1838;2308;1436;900;2120;1929;1998;3373;3250;2972;3058;4152;4813;7776;4977;931;1066;1762;2107;1292;763;1781;1688;1882;3236;3220;2865;2881;3972;4840;8235;7582
31.12.2024;12069;Potsdam-Mittelmark, Landkreis;2136;2852;4691;5891;3547;2205;4936;3906;4088;7094;7886;7520;7455;9741;10417;14815;10254;2013;2790;4453;5757;3486;1982;3856;3078;3900;7413;7877;7509;7265;9798;10291;15531;14835
31.12.2024;12070;Prignitz, Landkreis;703;857;1319;1670;974;624;1624;1507;1591;2645;2532;2132;2379;3083;3856;5892;4117;690;852;1280;1585;924;555;1173;1161;1452;2360;2196;1901;2189;3079;3891;6396;6406
31.12.2024;12071;Spree-Nei�e, Landkreis;934;1248;2053;2465;1582;909;1876;1569;1779;3250;3631;3174;3552;4707;5652;9236;6116;893;1233;1910;2374;1404;747;1444;1323;1757;3307;3476;3086;3419;4666;5798;9903;9162
31.12.2024;12072;Teltow-Fl�ming, Landkreis;2000;2604;3772;4471;2630;1739;4076;3840;4052;7012;6931;5895;5879;7421;7826;10917;7746;1928;2453;3708;4321;2472;1459;3276;3157;4022;6738;6414;5456;5440;7258;7659;11479;11637
31.12.2024;12073;Uckermark, Landkreis;1076;1367;2060;2749;1747;1033;2292;2048;2226;3835;3773;3399;3533;4925;5836;9318;6578;986;1212;1898;2526;1497;921;1871;1739;2129;3607;3334;3327;3426;4825;6079;10277;9983
31.12.2024;13001;Greifswald, kreisfreie Stadt (bis 03.09.2011);-;-;-;-;-;-;-;-;-;-;-;-;-;-;-;-;-;-;-;-;-;-;-;-;-;-;-;-;-;-;-;-;-;-
31.12.2024;13002;Neubrandenburg, kreisfreie Stadt (bis 03.09.2011);-;-;-;-;-;-;-;-;-;-;-;-;-;-;-;-;-;-;-;-;-;-;-;-;-;-;-;-;-;-;-;-;-;-
31.12.2024;13003;Rostock, kreisfreie Stadt;2206;2338;3432;4202;2529;1990;7140;7571;6405;8346;7147;5960;5233;6642;7184;11349;10430;1981;2257;3303;3964;2424;2196;7607;6678;5486;7184;6448;5395;5083;6547;7632;14137;16881
31.12.2024;13004;Schwerin, kreisfreie Stadt;1038;1243;1776;2245;1374;965;2678;2577;2553;3729;3420;3042;2822;3220;3438;6042;5060;1004;1218;1801;2178;1271;989;2540;2373;2271;3393;3167;2896;2632;3383;4063;7522;8385
31.12.2024;13005;Stralsund, kreisfreie Stadt (bis 03.09.2011);-;-;-;-;-;-;-;-;-;-;-;-;-;-;-;-;-;-;-;-;-;-;-;-;-;-;-;-;-;-;-;-;-;-
31.12.2024;13006;Wismar, kreisfreie Stadt (bis 03.09.2011);-;-;-;-;-;-;-;-;-;-;-;-;-;-;-;-;-;-;-;-;-;-;-;-;-;-;-;-;-;-;-;-;-;-
31.12.2024;13051;Bad Doberan, Landkreis (bis 03.09.2011);-;-;-;-;-;-;-;-;-;-;-;-;-;-;-;-;-;-;-;-;-;-;-;-;-;-;-;-;-;-;-;-;-;-
31.12.2024;13052;Demmin, Landkreis (bis 03.09.2011);-;-;-;-;-;-;-;-;-;-;-;-;-;-;-;-;-;-;-;-;-;-;-;-;-;-;-;-;-;-;-;-;-;-
31.12.2024;13053;G�strow, Landkreis (bis 03.09.2011);-;-;-;-;-;-;-;-;-;-;-;-;-;-;-;-;-;-;-;-;-;-;-;-;-;-;-;-;-;-;-;-;-;-
31.12.2024;13054;Ludwigslust, Landkreis (bis 03.09.2011);-;-;-;-;-;-;-;-;-;-;-;-;-;-;-;-;-;-;-;-;-;-;-;-;-;-;-;-;-;-;-;-;-;-
31.12.2024;13055;Mecklenburg-Strelitz, Landkreis (bis 03.09.2011);-;-;-;-;-;-;-;-;-;-;-;-;-;-;-;-;-;-;-;-;-;-;-;-;-;-;-;-;-;-;-;-;-;-
31.12.2024;13056;M�ritz, Landkreis (bis 03.09.2011);-;-;-;-;-;-;-;-;-;-;-;-;-;-;-;-;-;-;-;-;-;-;-;-;-;-;-;-;-;-;-;-;-;-
31.12.2024;13057;Nordvorpommern, Landkreis (bis 03.09.2011);-;-;-;-;-;-;-;-;-;-;-;-;-;-;-;-;-;-;-;-;-;-;-;-;-;-;-;-;-;-;-;-;-;-
31.12.2024;13058;Nordwestmecklenburg, Landkreis (bis 03.09.2011);-;-;-;-;-;-;-;-;-;-;-;-;-;-;-;-;-;-;-;-;-;-;-;-;-;-;-;-;-;-;-;-;-;-
31.12.2024;13059;Ostvorpommern, Landkreis (bis 03.09.2011);-;-;-;-;-;-;-;-;-;-;-;-;-;-;-;-;-;-;-;-;-;-;-;-;-;-;-;-;-;-;-;-;-;-
31.12.2024;13060;Parchim, Landkreis (bis 03.09.2011);-;-;-;-;-;-;-;-;-;-;-;-;-;-;-;-;-;-;-;-;-;-;-;-;-;-;-;-;-;-;-;-;-;-
31.12.2024;13061;R�gen, Landkreis (bis 03.09.2011);-;-;-;-;-;-;-;-;-;-;-;-;-;-;-;-;-;-;-;-;-;-;-;-;-;-;-;-;-;-;-;-;-;-
31.12.2024;13062;Uecker-Randow, Landkreis (bis 03.09.2011);-;-;-;-;-;-;-;-;-;-;-;-;-;-;-;-;-;-;-;-;-;-;-;-;-;-;-;-;-;-;-;-;-;-
31.12.2024;13071;Mecklenburgische Seenplatte, Landkreis;2323;2949;4340;5844;3648;2156;5042;4398;4627;8100;8032;7562;7439;9559;11958;19790;12209;2202;2810;4215;5550;3509;1967;4212;3841;4400;7691;7779;7002;7045;9964;12567;22182;19406
31.12.2024;13072;Rostock, Landkreis;2210;3006;4458;5701;3331;2044;3932;3461;3973;7571;7739;7208;6756;9140;10616;16427;10455;2067;2842;4197;5441;3049;1752;3176;2923;4286;7660;7689;6500;6444;8938;10639;17769;15321
31.12.2024;13073;Vorpommern-R�gen, Landkreis;1941;2299;3634;4934;3052;1905;4312;3800;4038;6947;7314;6721;6574;8693;10532;16811;10929;1853;2290;3522;4706;2916;1687;3880;3363;3904;6984;7071;6378;6349;9063;10961;18769;17071
31.12.2024;13074;Nordwestmecklenburg, Landkreis;1533;2083;3077;3807;2333;1481;3312;3034;3236;5305;5589;5184;5119;6539;7148;11387;7374;1464;1989;2832;3579;2154;1298;2802;2601;3154;5404;5427;4639;4830;6418;7250;12334;10976
31.12.2024;13075;Vorpommern-Greifswald, Landkreis;2083;2559;3931;4962;3179;2067;5224;4777;4547;7388;7476;6871;6692;8505;10549;17640;10999;1954;2423;4010;5139;3023;1970;5650;4603;4340;7149;6989;6307;6193;8592;10878;19281;17006
31.12.2024;13076;Ludwigslust-Parchim, Landkreis;2166;2784;4062;5141;2997;1834;3799;3430;4105;7212;7326;6641;6800;8861;10291;16409;9706;2054;2502;3847;4811;2840;1478;3232;3229;4159;7088;6822;5966;6346;8554;10330;17072;14198
31.12.2024;14161;Chemnitz, kreisfreie Stadt (bis 31.07.2008);-;-;-;-;-;-;-;-;-;-;-;-;-;-;-;-;-;-;-;-;-;-;-;-;-;-;-;-;-;-;-;-;-;-
31.12.2024;14166;Plauen, kreisfreie Stadt (bis 31.07.2008);-;-;-;-;-;-;-;-;-;-;-;-;-;-;-;-;-;-;-;-;-;-;-;-;-;-;-;-;-;-;-;-;-;-
31.12.2024;14167;Zwickau, kreisfreie Stadt (bis 31.07.2008);-;-;-;-;-;-;-;-;-;-;-;-;-;-;-;-;-;-;-;-;-;-;-;-;-;-;-;-;-;-;-;-;-;-
31.12.2024;14171;Annaberg, Landkreis (bis 31.07.2008);-;-;-;-;-;-;-;-;-;-;-;-;-;-;-;-;-;-;-;-;-;-;-;-;-;-;-;-;-;-;-;-;-;-
31.12.2024;14173;Chemnitzer Land, Landkreis (bis 31.07.2008);-;-;-;-;-;-;-;-;-;-;-;-;-;-;-;-;-;-;-;-;-;-;-;-;-;-;-;-;-;-;-;-;-;-
31.12.2024;14177;Freiberg, Landkreis (bis 31.07.2008);-;-;-;-;-;-;-;-;-;-;-;-;-;-;-;-;-;-;-;-;-;-;-;-;-;-;-;-;-;-;-;-;-;-
31.12.2024;14178;Vogtlandkreis (bis 31.07.2008);-;-;-;-;-;-;-;-;-;-;-;-;-;-;-;-;-;-;-;-;-;-;-;-;-;-;-;-;-;-;-;-;-;-
31.12.2024;14181;Mittlerer Erzgebirgskreis (bis 31.07.2008);-;-;-;-;-;-;-;-;-;-;-;-;-;-;-;-;-;-;-;-;-;-;-;-;-;-;-;-;-;-;-;-;-;-
31.12.2024;14182;Mittweida, Landkreis (bis 31.07.2008);-;-;-;-;-;-;-;-;-;-;-;-;-;-;-;-;-;-;-;-;-;-;-;-;-;-;-;-;-;-;-;-;-;-
31.12.2024;14188;Stollberg, Landkreis (bis 31.07.2008);-;-;-;-;-;-;-;-;-;-;-;-;-;-;-;-;-;-;-;-;-;-;-;-;-;-;-;-;-;-;-;-;-;-
31.12.2024;14191;Aue-Schwarzenberg, Landkreis (bis 31.07.2008);-;-;-;-;-;-;-;-;-;-;-;-;-;-;-;-;-;-;-;-;-;-;-;-;-;-;-;-;-;-;-;-;-;-
31.12.2024;14193;Zwickauer Land, Landkreis (bis 31.07.2008);-;-;-;-;-;-;-;-;-;-;-;-;-;-;-;-;-;-;-;-;-;-;-;-;-;-;-;-;-;-;-;-;-;-
31.12.2024;14262;Dresden, kreisfreie Stadt (bis 31.07.2008);-;-;-;-;-;-;-;-;-;-;-;-;-;-;-;-;-;-;-;-;-;-;-;-;-;-;-;-;-;-;-;-;-;-
31.12.2024;14263;G�rlitz, kreisfreie Stadt (bis 31.07.2008);-;-;-;-;-;-;-;-;-;-;-;-;-;-;-;-;-;-;-;-;-;-;-;-;-;-;-;-;-;-;-;-;-;-
31.12.2024;14264;Hoyerswerda, kreisfreie Stadt (bis 31.07.2008);-;-;-;-;-;-;-;-;-;-;-;-;-;-;-;-;-;-;-;-;-;-;-;-;-;-;-;-;-;-;-;-;-;-
31.12.2024;14272;Bautzen, Landkreis (bis 31.07.2008);-;-;-;-;-;-;-;-;-;-;-;-;-;-;-;-;-;-;-;-;-;-;-;-;-;-;-;-;-;-;-;-;-;-
31.12.2024;14280;Mei�en, Landkreis (bis 31.07.2008);-;-;-;-;-;-;-;-;-;-;-;-;-;-;-;-;-;-;-;-;-;-;-;-;-;-;-;-;-;-;-;-;-;-
31.12.2024;14284;Niederschlesischer Oberlausitzkreis (b.31.07.2008);-;-;-;-;-;-;-;-;-;-;-;-;-;-;-;-;-;-;-;-;-;-;-;-;-;-;-;-;-;-;-;-;-;-
31.12.2024;14285;Riesa-Gro�enhain, Landkreis (bis 31.07.2008);-;-;-;-;-;-;-;-;-;-;-;-;-;-;-;-;-;-;-;-;-;-;-;-;-;-;-;-;-;-;-;-;-;-
31.12.2024;14286;L�bau-Zittau, Landkreis (bis 31.07.2008);-;-;-;-;-;-;-;-;-;-;-;-;-;-;-;-;-;-;-;-;-;-;-;-;-;-;-;-;-;-;-;-;-;-
31.12.2024;14287;S�chsische Schweiz, Landkreis (bis 31.07.2008);-;-;-;-;-;-;-;-;-;-;-;-;-;-;-;-;-;-;-;-;-;-;-;-;-;-;-;-;-;-;-;-;-;-
31.12.2024;14290;Wei�eritzkreis (bis 31.07.2008);-;-;-;-;-;-;-;-;-;-;-;-;-;-;-;-;-;-;-;-;-;-;-;-;-;-;-;-;-;-;-;-;-;-
31.12.2024;14292;Kamenz, Landkreis (bis 31.07.2008);-;-;-;-;-;-;-;-;-;-;-;-;-;-;-;-;-;-;-;-;-;-;-;-;-;-;-;-;-;-;-;-;-;-
31.12.2024;14365;Leipzig, kreisfreie Stadt (bis 31.07.2008);-;-;-;-;-;-;-;-;-;-;-;-;-;-;-;-;-;-;-;-;-;-;-;-;-;-;-;-;-;-;-;-;-;-
31.12.2024;14374;Delitzsch, Landkreis (bis 31.07.2008);-;-;-;-;-;-;-;-;-;-;-;-;-;-;-;-;-;-;-;-;-;-;-;-;-;-;-;-;-;-;-;-;-;-
31.12.2024;14375;D�beln, Landkreis (bis 31.07.2008);-;-;-;-;-;-;-;-;-;-;-;-;-;-;-;-;-;-;-;-;-;-;-;-;-;-;-;-;-;-;-;-;-;-
31.12.2024;14379;Leipziger Land, Landkreis (bis 31.07.2008);-;-;-;-;-;-;-;-;-;-;-;-;-;-;-;-;-;-;-;-;-;-;-;-;-;-;-;-;-;-;-;-;-;-
31.12.2024;14383;Muldentalkreis (bis 31.07.2008);-;-;-;-;-;-;-;-;-;-;-;-;-;-;-;-;-;-;-;-;-;-;-;-;-;-;-;-;-;-;-;-;-;-
31.12.2024;14389;Torgau-Oschatz, Landkreis (bis 31.07.2008);-;-;-;-;-;-;-;-;-;-;-;-;-;-;-;-;-;-;-;-;-;-;-;-;-;-;-;-;-;-;-;-;-;-
31.12.2024;14511;Chemnitz, kreisfreie Stadt;2744;3271;4821;5840;3449;2444;6955;7679;7059;9057;8572;7423;7075;7945;8206;13965;14080;2573;3134;4580;5475;3194;2180;6463;6130;5985;8244;7771;6524;6320;7789;8735;17573;22363
31.12.2024;14521;Erzgebirgskreis;2942;3705;5756;7600;4836;3071;6626;5414;5665;9631;10662;10193;10857;11793;13038;25428;18527;2818;3628;5772;7479;4448;2622;5254;4629;5278;9057;9902;9181;9589;11510;13738;29135;28610
31.12.2024;14522;Mittelsachsen, Landkreis;2903;3803;5753;7405;4489;2835;6597;5895;5977;9368;9920;9311;9721;11785;12505;21528;17207;2694;3514;5250;6804;3957;2366;5199;4811;5463;9026;9182;8410;8782;11254;12786;23900;26031
31.12.2024;14523;Vogtlandkreis;1949;2521;3913;4987;3122;1951;4536;4107;4185;6864;7143;6774;7454;8705;9439;16118;13220;1902;2415;3683;4749;2801;1718;3736;3462;3814;6437;6496;5990;6684;8460;9666;18954;21145
31.12.2024;14524;Zwickau, Landkreis;2880;3706;5705;7220;4280;2740;6914;6304;6491;9913;10247;9264;10100;12062;12941;21486;18179;2867;3528;5258;6778;4050;2487;5661;5048;5834;9162;9308;8414;9205;11752;13358;25277;28374
31.12.2024;14612;Dresden, kreisfreie Stadt;6600;7772;11457;14367;8401;6124;19172;21313;19694;23863;21047;18267;16198;17563;16338;25043;27043;6081;7546;10847;13548;7850;5881;18519;18721;16719;21528;19700;17343;14830;16551;17256;30471;41251
31.12.2024;14625;Bautzen, Landkreis;2805;3897;6002;7527;4499;2692;5622;4749;5352;9556;10105;9745;9710;11227;12991;21222;16557;2729;3623;5623;7196;4077;2357;4558;4024;5017;9138;9253;8625;8777;11068;13541;23637;25107
31.12.2024;14626;G�rlitz, Landkreis;2244;2933;4500;5869;3616;2200;4843;4177;4459;7418;7859;7377;7823;9414;10940;18761;15196;2114;2706;4306;5664;3428;1939;4151;3682;4072;7056;7145;6728;6987;9355;11272;20762;22962
31.12.2024;14627;Mei�en, Landkreis;2137;2940;4584;6145;3777;2227;4780;3950;4222;7655;8431;7848;8035;9619;10669;16563;13851;2078;2914;4704;5942;3442;2054;3938;3322;4069;7547;7940;7110;7250;9055;10598;18476;21349
31.12.2024;14628;S�chsische Schweiz-Osterzgebirge, Landkreis;2172;3153;5139;6616;3895;2313;5071;3996;4418;8017;8411;8337;8260;9524;10216;16501;14340;2183;2945;4815;6261;3629;2049;4167;3415;4387;7987;8073;7500;7373;9025;10199;18311;21298
31.12.2024;14713;Leipzig, kreisfreie Stadt;7693;8685;12046;13986;7939;6051;21073;25340;24856;28777;24401;19386;16744;17894;16946;24913;24852;7104;8225;11344;13335;7402;6338;23852;25193;22750;26331;21992;17507;14617;16754;17443;30445;39636
31.12.2024;14729;Leipzig, Landkreis;2470;3559;5512;6874;3982;2489;5021;4064;4710;8811;9093;8613;8635;10823;11494;17859;13924;2324;3307;5152;6010;3599;2196;4283;3653;4976;8818;8906;8015;8081;10309;11402;19912;21251
31.12.2024;14730;Nordsachsen, Landkreis;1942;2655;4079;4885;2896;1776;4366;3559;4085;7053;7424;6511;6636;7965;8785;14128;10035;1856;2501;3902;4760;2712;1637;3348;2876;3769;6794;6711;5667;6082;7912;9104;15564;15447
31.12.2024;15001;Dessau-Ro�lau, kreisfreie Stadt;764;856;1306;1659;998;631;1542;1620;1591;2249;2188;2025;2158;2852;3151;5328;5140;713;848;1211;1473;876;566;1294;1576;1549;2305;2147;1966;2176;2943;3483;6358;7860
31.12.2024;15002;Halle (Saale), kreisfreie Stadt;2781;3010;4501;5386;3439;2501;7992;8321;7019;7926;7438;6369;6388;7260;6994;11012;11254;2617;2733;3862;4798;2978;2473;8920;7592;6225;7624;7071;6050;6104;7171;7663;14753;18542
31.12.2024;15003;Magdeburg, kreisfreie Stadt;2665;3222;4605;5628;3280;2608;8705;10093;8270;9471;8468;6950;6712;7862;8077;12542;12043;2571;2865;4092;4903;2900;2269;8024;7912;6781;8393;7608;6489;6474;8049;8825;15672;19301
31.12.2024;15081;Altmarkkreis Salzwedel;785;995;1582;1977;1202;813;1565;1499;1635;2707;2792;2489;2588;3465;3952;5968;3698;769;883;1372;1812;1054;595;1229;1276;1582;2505;2442;2185;2399;3552;4060;6526;6027
31.12.2024;15082;Anhalt-Bitterfeld, Landkreis;1447;1753;2609;3352;1988;1386;3294;2812;3145;5107;5287;4712;5200;6300;7009;11386;8198;1339;1657;2601;3210;2014;1180;2591;2300;2889;4842;4768;4258;4686;6260;7264;12978;13213
31.12.2024;15083;B�rde, Landkreis;1695;2194;3341;4185;2600;1655;3345;3014;3394;5945;6239;5528;5760;7077;7729;12206;7663;1512;1986;3108;3857;2262;1249;2518;2524;3316;5904;5790;4786;5468;6964;7919;13408;11783
31.12.2024;15084;Burgenlandkreis;1651;2078;3163;3986;2428;1552;3577;3185;3571;5816;5868;5120;5539;7216;7823;12901;9623;1579;1983;3065;3676;2221;1337;2921;2730;3302;5711;5513;4698;5171;6896;8085;14536;15163
31.12.2024;15085;Harz, Landkreis;1754;2299;3326;4436;2711;1853;4578;3862;4093;6629;6795;6028;6766;8579;9473;15308;11669;1736;2098;3275;4200;2565;1562;3533;3227;3851;6384;6528;5633;6364;8485;9814;17515;18555
31.12.2024;15086;Jerichower Land, Landkreis;818;1094;1733;2104;1227;785;1744;1558;1765;3005;3034;2792;2893;3747;4380;6673;4455;806;1058;1586;2029;1178;660;1313;1185;1672;2956;2848;2528;2689;3643;4303;7228;7020
31.12.2024;15087;Mansfeld-S�dharz, Landkreis;1138;1435;2077;2881;1751;1106;2530;2322;2429;4001;4119;3751;4375;5383;6256;10417;7691;1020;1257;1946;2643;1581;954;2062;1826;2234;3681;3724;3442;3994;5228;6325;11417;12033
31.12.2024;15088;Saalekreis;1761;2318;3526;4323;2804;1675;3830;3315;3723;6331;6613;6006;6236;7589;7981;12882;9335;1793;2204;3346;4215;2502;1417;3031;2829;3556;6196;6078;5183;5872;7453;8291;14623;13614
31.12.2024;15089;Salzlandkreis;1626;2100;3205;4054;2537;1668;3685;3348;3766;6141;6150;5448;6129;7781;8264;12893;9498;1610;1969;2963;3823;2254;1424;3223;3039;3429;5395;5371;4733;5393;7566;8714;15150;16422
31.12.2024;15090;Stendal, Landkreis;1024;1330;1954;2525;1576;1000;2213;1981;2172;3568;3405;3039;3338;4564;5253;8202;5288;1051;1233;1769;2433;1446;859;1830;1759;2056;3379;3138;2806;3264;4583;5463;8823;8214
31.12.2024;15091;Wittenberg, Landkreis;1125;1483;2136;2792;1718;1030;2301;2146;2432;4083;3944;3532;4013;5214;5754;9310;6826;1078;1343;1973;2555;1544;868;1760;1740;2206;3719;3600;3280;3719;5006;5936;10635;10893
31.12.2024;15101;Dessau, kreisfreie Stadt (bis 30.06.2007);-;-;-;-;-;-;-;-;-;-;-;-;-;-;-;-;-;-;-;-;-;-;-;-;-;-;-;-;-;-;-;-;-;-
31.12.2024;15151;Anhalt-Zerbst, Landkreis (bis 30.06.2007);-;-;-;-;-;-;-;-;-;-;-;-;-;-;-;-;-;-;-;-;-;-;-;-;-;-;-;-;-;-;-;-;-;-
31.12.2024;15153;Bernburg, Landkreis (bis 30.06.2007);-;-;-;-;-;-;-;-;-;-;-;-;-;-;-;-;-;-;-;-;-;-;-;-;-;-;-;-;-;-;-;-;-;-
31.12.2024;15154;Bitterfeld, Landkreis (bis 30.06.2007);-;-;-;-;-;-;-;-;-;-;-;-;-;-;-;-;-;-;-;-;-;-;-;-;-;-;-;-;-;-;-;-;-;-
31.12.2024;15159;K�then, Landkreis (bis 30.06.2007);-;-;-;-;-;-;-;-;-;-;-;-;-;-;-;-;-;-;-;-;-;-;-;-;-;-;-;-;-;-;-;-;-;-
31.12.2024;15171;Wittenberg, Landkreis (bis 30.06.2007);-;-;-;-;-;-;-;-;-;-;-;-;-;-;-;-;-;-;-;-;-;-;-;-;-;-;-;-;-;-;-;-;-;-
31.12.2024;15202;Halle (Saale), kreisfreie Stadt (bis 30.06.2007);-;-;-;-;-;-;-;-;-;-;-;-;-;-;-;-;-;-;-;-;-;-;-;-;-;-;-;-;-;-;-;-;-;-
31.12.2024;15256;Burgenlandkreis (bis 30.06.2007);-;-;-;-;-;-;-;-;-;-;-;-;-;-;-;-;-;-;-;-;-;-;-;-;-;-;-;-;-;-;-;-;-;-
31.12.2024;15260;Mansfelder Land, Landkreis (bis 30.06.2007);-;-;-;-;-;-;-;-;-;-;-;-;-;-;-;-;-;-;-;-;-;-;-;-;-;-;-;-;-;-;-;-;-;-
31.12.2024;15261;Merseburg-Querfurt, Landkreis (bis 30.06.2007);-;-;-;-;-;-;-;-;-;-;-;-;-;-;-;-;-;-;-;-;-;-;-;-;-;-;-;-;-;-;-;-;-;-
31.12.2024;15265;Saalkreis (bis 30.06.2007);-;-;-;-;-;-;-;-;-;-;-;-;-;-;-;-;-;-;-;-;-;-;-;-;-;-;-;-;-;-;-;-;-;-
31.12.2024;15266;Sangerhausen, Landkreis (bis 30.06.2007);-;-;-;-;-;-;-;-;-;-;-;-;-;-;-;-;-;-;-;-;-;-;-;-;-;-;-;-;-;-;-;-;-;-
31.12.2024;15268;Wei�enfels, Landkreis (bis 30.06.2007);-;-;-;-;-;-;-;-;-;-;-;-;-;-;-;-;-;-;-;-;-;-;-;-;-;-;-;-;-;-;-;-;-;-
31.12.2024;15303;Magdeburg, kreisfreie Stadt (bis 30.06.2007);-;-;-;-;-;-;-;-;-;-;-;-;-;-;-;-;-;-;-;-;-;-;-;-;-;-;-;-;-;-;-;-;-;-
31.12.2024;15352;Aschersleben-Sta�furt, Landkreis (bis 30.06.2007);-;-;-;-;-;-;-;-;-;-;-;-;-;-;-;-;-;-;-;-;-;-;-;-;-;-;-;-;-;-;-;-;-;-
31.12.2024;15355;B�rdekreis (bis 30.06.2007);-;-;-;-;-;-;-;-;-;-;-;-;-;-;-;-;-;-;-;-;-;-;-;-;-;-;-;-;-;-;-;-;-;-
31.12.2024;15357;Halberstadt, Landkreis (bis 30.06.2007);-;-;-;-;-;-;-;-;-;-;-;-;-;-;-;-;-;-;-;-;-;-;-;-;-;-;-;-;-;-;-;-;-;-
31.12.2024;15358;Jerichower Land, Landkreis (bis 30.06.2007);-;-;-;-;-;-;-;-;-;-;-;-;-;-;-;-;-;-;-;-;-;-;-;-;-;-;-;-;-;-;-;-;-;-
31.12.2024;15362;Ohrekreis (bis 30.06.2007);-;-;-;-;-;-;-;-;-;-;-;-;-;-;-;-;-;-;-;-;-;-;-;-;-;-;-;-;-;-;-;-;-;-
31.12.2024;15363;Stendal, Landkreis (bis 30.06.2007);-;-;-;-;-;-;-;-;-;-;-;-;-;-;-;-;-;-;-;-;-;-;-;-;-;-;-;-;-;-;-;-;-;-
31.12.2024;15364;Quedlinburg, Landkreis (bis 30.06.2007);-;-;-;-;-;-;-;-;-;-;-;-;-;-;-;-;-;-;-;-;-;-;-;-;-;-;-;-;-;-;-;-;-;-
31.12.2024;15367;Sch�nebeck, Landkreis (bis 30.06.2007);-;-;-;-;-;-;-;-;-;-;-;-;-;-;-;-;-;-;-;-;-;-;-;-;-;-;-;-;-;-;-;-;-;-
31.12.2024;15369;Wernigerode, Landkreis (bis 30.06.2007);-;-;-;-;-;-;-;-;-;-;-;-;-;-;-;-;-;-;-;-;-;-;-;-;-;-;-;-;-;-;-;-;-;-
31.12.2024;15370;Altmarkkreis Salzwedel (bis 30.06.2007);-;-;-;-;-;-;-;-;-;-;-;-;-;-;-;-;-;-;-;-;-;-;-;-;-;-;-;-;-;-;-;-;-;-
31.12.2024;16051;Erfurt, kreisfreie Stadt;2346;2729;3985;5205;2977;2087;6748;7157;6744;8776;7900;6865;6649;7255;7615;11763;10035;2184;2709;4071;4900;2906;2169;7708;6593;6037;7914;7259;6345;6201;7447;8000;14246;15268
31.12.2024;16052;Gera, kreisfreie Stadt;976;1201;1738;2379;1399;942;2481;2470;2194;3309;3078;2745;2801;3352;3939;6521;5368;892;1163;1675;2122;1268;787;2201;1930;2042;2949;2881;2541;2489;3396;4036;7767;8576
31.12.2024;16053;Jena, kreisfreie Stadt;1151;1414;2025;2535;1510;1079;4181;4942;3940;4292;3745;3133;2942;3275;3102;5124;5408;1091;1360;1921;2451;1461;1109;4651;4441;3279;3920;3548;3056;2804;3095;3219;6235;8286
31.12.2024;16054;Suhl, kreisfreie Stadt;282;336;518;677;387;302;742;729;715;1079;1043;938;1083;1365;1527;2697;2441;300;347;478;657;348;254;608;546;678;935;896;859;1017;1385;1670;3308;3538
31.12.2024;16055;Weimar, kreisfreie Stadt;676;837;1221;1619;984;675;2067;2072;1675;2277;2181;2004;1957;2187;2253;3502;3388;629;796;1251;1566;950;690;2370;1957;1659;2257;2318;1896;1929;2253;2454;4271;5133
31.12.2024;16056;Eisenach, kreisfreie Stadt (bis 30.06.2021);-;-;-;-;-;-;-;-;-;-;-;-;-;-;-;-;-;-;-;-;-;-;-;-;-;-;-;-;-;-;-;-;-;-
31.12.2024;16061;Eichsfeld, Landkreis;1124;1554;2147;2694;1525;991;2263;1983;2246;3493;3846;3415;3518;4064;4471;7470;5149;1071;1425;2094;2652;1468;867;1863;1680;2122;3405;3534;3179;3076;3750;4303;7770;7482
31.12.2024;16062;Nordhausen, Landkreis;760;947;1499;1962;1174;804;1892;1885;1725;2725;2743;2360;2570;3142;3478;5714;4472;697;897;1456;1816;1112;723;1490;1454;1573;2518;2476;2149;2489;3186;3658;6298;6918
31.12.2024;16063;Wartburgkreis;1513;1884;2906;3848;2169;1358;3369;3225;3294;5182;5444;4863;5369;6106;6983;11343;8097;1447;1772;2743;3477;2026;1226;2848;2559;3019;4872;4950;4535;4848;5925;7141;12229;12387
31.12.2024;16064;Unstrut-Hainich-Kreis;971;1243;1950;2470;1475;940;2149;1917;2071;3104;3281;2921;3136;3645;4097;6864;4694;937;1130;1737;2194;1265;806;1651;1588;1934;2929;3031;2627;2958;3686;4272;7635;7305
31.12.2024;16065;Kyffh�userkreis;664;795;1323;1663;1077;671;1536;1345;1478;2416;2460;2168;2432;2915;3250;5639;3829;664;796;1158;1515;896;527;1151;1052;1300;2092;2186;1887;2212;2860;3496;6334;5951
31.12.2024;16066;Schmalkalden-Meiningen, Landkreis;1038;1384;2135;2853;1619;1085;2936;2725;2539;4039;4307;3634;4065;4643;5465;9046;6449;1044;1313;1996;2633;1499;906;2215;1999;2183;3620;3780;3249;3649;4748;5732;9980;9706
31.12.2024;16067;Gotha, Landkreis;1228;1654;2522;3227;1864;1272;3166;3198;3121;4619;4807;4305;4694;5581;5784;9266;6977;1285;1593;2505;3185;1856;1119;2645;2426;2719;4449;4605;3925;4306;5201;5996;10357;10381
31.12.2024;16068;S�mmerda, Landkreis;647;892;1417;1760;1072;699;1432;1217;1343;2295;2502;2118;2458;2794;2938;4975;3227;626;734;1201;1516;899;503;1163;1085;1376;2210;2262;2041;2095;2613;3074;5730;4779
31.12.2024;16069;Hildburghausen, Landkreis;526;721;1094;1391;882;513;1247;1084;1236;2076;2378;2011;2068;2502;2822;4653;2856;523;699;1056;1391;766;436;936;875;1085;1882;1962;1784;1909;2375;2881;4980;4387
31.12.2024;16070;Ilm-Kreis;953;1307;2024;2515;1544;1042;2797;3152;2850;3850;3747;3346;3435;4146;4413;7163;5575;878;1180;1915;2315;1441;839;1987;2055;2155;3437;3379;2932;3031;4072;4522;8212;8448
31.12.2024;16071;Weimarer Land, Landkreis;828;1136;1764;2235;1320;751;1793;1497;1573;2631;2966;2721;2868;3213;3548;5976;3977;805;1056;1649;2166;1236;723;1483;1245;1594;2792;2885;2481;2553;3216;3651;6456;5604
31.12.2024;16072;Sonneberg, Landkreis;489;638;911;1228;707;465;1190;1001;1174;1721;1911;1776;1967;2214;2558;4182;2974;453;502;820;1066;658;408;1060;989;1006;1574;1692;1543;1839;2132;2638;4721;4757
31.12.2024;16073;Saalfeld-Rudolstadt, Landkreis;868;1099;1777;2280;1284;851;2121;1828;1962;3240;3402;3000;3354;4007;4737;7674;5719;843;1034;1666;2224;1255;701;1650;1483;1638;2930;3018;2658;3039;3965;4809;8711;9278
31.12.2024;16074;Saale-Holzland-Kreis;712;949;1607;2022;1185;737;1837;1539;1645;2800;3099;2621;2795;3413;3640;6164;4578;717;999;1602;1993;1126;653;1561;1353;1499;2735;2697;2348;2503;3271;3801;6647;6494
31.12.2024;16075;Saale-Orla-Kreis;693;893;1412;1786;1116;677;1654;1447;1453;2481;2673;2435;2699;3175;3668;6062;4046;641;862;1359;1898;990;555;1359;1168;1311;2315;2351;2147;2480;3095;3641;6583;6216
31.12.2024;16076;Greiz, Landkreis;828;1066;1687;2193;1360;876;1839;1602;1543;2822;3026;2813;3041;3922;4434;7731;5538;804;983;1564;1979;1144;615;1348;1231;1442;2647;2795;2541;2862;3783;4594;8484;8570
31.12.2024;16077;Altenburger Land, Landkreis;715;937;1535;1904;1153;745;1759;1518;1615;2641;2905;2564;3045;3522;3815;6659;5416;690;938;1449;1991;1161;726;1476;1281;1509;2547;2547;2222;2700;3679;3959;7814;8371
__________
"Ab 2011: Ergebnisse auf Grundlage des Zensus 2011.
Ab 2022: Ergebnisse auf Grundlage des Zensus 2022."
� Statistisches Bundesamt (Destatis), 2025
Stand: 20.06.2025 / 18:12:48
