kreis_id;kreis_name;bev_total_2024;m_u18;w_u18;m_18_34;w_18_34;m_35_59;w_35_59;m_60_74;w_60_74;m_75plus;w_75plus;bev_18_35;bev_65_plus
01001;Flensburg, kreisfreie Stadt;96326.0;7672.0;7301.0;12829.0;12507.0;15389.0;14808.0;7605.0;8259.0;4156.0;5800.0;25336.0;19455.0
01002;Kiel, kreisfreie Stadt;252668.0;18906.0;18355.0;35758.0;35575.0;39717.0;38828.0;19002.0;21492.0;10149.0;14886.0;71333.0;49169.0
01003;Lï¿½beck, kreisfreie Stadt;216889.0;16967.0;15425.0;23429.0;23136.0;34525.0;35977.0;18768.0;21593.0;10620.0;16449.0;46565.0;51120.0
01004;Neumï¿½nster, kreisfreie Stadt;79809.0;6629.0;6134.0;8893.0;7552.0;13298.0;12819.0;7140.0;7876.0;3782.0;5686.0;16445.0;18429.0
01051;Dithmarschen, Landkreis;133460.0;10675.0;10316.0;12312.0;11031.0;21326.0;21271.0;14272.0;15156.0;7253.0;9848.0;23343.0;35084.0
01053;Herzogtum Lauenburg, Landkreis;206235.0;18744.0;17692.0;17483.0;16356.0;35120.0;36193.0;19528.0;20669.0;9926.0;14524.0;33839.0;48101.0
01054;Nordfriesland, Landkreis;170029.0;13774.0;12896.0;15736.0;13844.0;27077.0;28479.0;17405.0;19469.0;8964.0;12385.0;29580.0;43601.0
01055;Ostholstein, Landkreis;201472.0;14301.0;14240.0;15774.0;14398.0;31799.0;34285.0;22484.0;24857.0;12465.0;16869.0;30172.0;58331.0
01056;Pinneberg, Landkreis;325223.0;28628.0;26992.0;29746.0;26848.0;56268.0;57084.0;29185.0;31816.0;15831.0;22825.0;56594.0;74041.0
01057;Plï¿½n, Landkreis;130609.0;10675.0;10442.0;9916.0;9171.0;20619.0;22269.0;13635.0;15103.0;8033.0;10746.0;19087.0;36015.0
01058;Rendsburg-Eckernfï¿½rde, Landkreis;278058.0;24011.0;22573.0;24173.0;21399.0;45740.0;47652.0;27959.0;30106.0;14691.0;19754.0;45572.0;68994.0
01059;Schleswig-Flensburg, Landkreis;205472.0;18317.0;17019.0;17348.0;16349.0;33106.0;33989.0;21295.0;22351.0;11158.0;14540.0;33697.0;51938.0
01060;Segeberg, Landkreis;283562.0;25013.0;23466.0;26008.0;23166.0;49441.0;50221.0;25631.0;27831.0;13636.0;19149.0;49174.0;64155.0
01061;Steinburg, Landkreis;132731.0;11130.0;10508.0;12351.0;10871.0;22125.0;22260.0;13573.0;14158.0;6590.0;9165.0;23222.0;31796.0
01062;Stormarn, Landkreis;246974.0;22363.0;21271.0;20177.0;18134.0;41915.0;44147.0;22723.0;24616.0;13240.0;18388.0;38311.0;59274.0
02000;Hamburg, kreisfreie Stadt;1862565.0;163638.0;152600.0;221513.0;221010.0;325700.0;325480.0;131033.0;145958.0;70004.0;105629.0;442523.0;336092.0
03101;Braunschweig, kreisfreie Stadt;252962.0;19058.0;18257.0;32250.0;29131.0;42136.0;40307.0;20381.0;22862.0;11345.0;17235.0;61381.0;54662.0
03102;Salzgitter, kreisfreie Stadt;104970.0;9985.0;9481.0;11057.0;9402.0;17135.0;16050.0;9626.0;10321.0;4899.0;7014.0;20459.0;23993.0
03103;Wolfsburg, kreisfreie Stadt;129560.0;12170.0;10932.0;13348.0;12196.0;22014.0;21019.0;11121.0;12021.0;6101.0;8638.0;25544.0;28708.0
03151;Gifhorn, Landkreis;175943.0;16808.0;16125.0;15157.0;13779.0;29902.0;29922.0;18026.0;18550.0;7526.0;10148.0;28936.0;39174.0
03152;Gï¿½ttingen, Landkreis (bis 31.10.2016);0.0;0.0;0.0;0.0;0.0;0.0;0.0;0.0;0.0;0.0;0.0;0.0;0.0
03153;Goslar, Landkreis;126775.0;9246.0;8490.0;11915.0;10076.0;20009.0;20080.0;13848.0;14760.0;7476.0;10875.0;21991.0;36081.0
03154;Helmstedt, Landkreis;90227.0;7667.0;7271.0;7743.0;6803.0;15485.0;15222.0;9533.0;9873.0;4325.0;6305.0;14546.0;22311.0
03155;Northeim, Landkreis;125623.0;9925.0;9539.0;10944.0;9812.0;20021.0;20165.0;14167.0;14734.0;6977.0;9339.0;20756.0;34000.0
03156;Osterode am Harz, Landkreis (bis 31.10.2016);0.0;0.0;0.0;0.0;0.0;0.0;0.0;0.0;0.0;0.0;0.0;0.0;0.0
03157;Peine, Landkreis;137045.0;12694.0;12379.0;12408.0;11139.0;23447.0;23247.0;13178.0;13740.0;6252.0;8561.0;23547.0;30743.0
03158;Wolfenbï¿½ttel, Landkreis;118290.0;10029.0;9210.0;10468.0;9230.0;19620.0;19954.0;12204.0;12768.0;6232.0;8575.0;19698.0;29729.0
03159;Gï¿½ttingen, Landkreis;328028.0;25535.0;24059.0;36413.0;34705.0;50791.0;50766.0;32040.0;34198.0;16567.0;22954.0;71118.0;79881.0
03201;Hannover, kreisfreie Stadt (bis 31.10.2001);0.0;0.0;0.0;0.0;0.0;0.0;0.0;0.0;0.0;0.0;0.0;0.0;0.0
03241;Region Hannover, Landkreis;1140888.0;97264.0;92077.0;123896.0;115933.0;188678.0;190054.0;98335.0;106823.0;51262.0;76566.0;239829.0;249770.0
03251;Diepholz, Landkreis;221202.0;19320.0;18611.0;20272.0;18443.0;36735.0;36870.0;22414.0;23057.0;10749.0;14731.0;38715.0;52622.0
03252;Hameln-Pyrmont, Landkreis;150203.0;12558.0;12037.0;13601.0;12277.0;23628.0;24122.0;15394.0;16810.0;7898.0;11878.0;25878.0;39286.0
03253;Hannover, Landkreis (bis 31.10.2001);0.0;0.0;0.0;0.0;0.0;0.0;0.0;0.0;0.0;0.0;0.0;0.0;0.0
03254;Hildesheim, Landkreis;267506.0;21921.0;20910.0;26120.0;25258.0;43130.0;43262.0;26469.0;28119.0;13109.0;19208.0;51378.0;65097.0
03255;Holzminden, Landkreis;65581.0;5145.0;5187.0;6053.0;5130.0;10370.0;10153.0;7234.0;7460.0;3882.0;4967.0;11183.0;17884.0
03256;Nienburg (Weser), Landkreis;121468.0;10629.0;10327.0;11232.0;10374.0;19999.0;19571.0;12748.0;13172.0;5474.0;7942.0;21606.0;28805.0
03257;Schaumburg, Landkreis;156841.0;12961.0;12179.0;13839.0;12757.0;25515.0;25668.0;16086.0;17220.0;8346.0;12270.0;26596.0;40508.0
03351;Celle, Landkreis;172449.0;15214.0;14669.0;15345.0;14399.0;28123.0;28521.0;17058.0;18596.0;8478.0;12046.0;29744.0;42439.0
03352;Cuxhaven, Landkreis;198842.0;17067.0;15608.0;16755.0;14996.0;31391.0;33121.0;21169.0;23109.0;10974.0;14652.0;31751.0;53001.0
03353;Harburg, Landkreis;265864.0;23572.0;22208.0;24536.0;20623.0;45637.0;46306.0;24925.0;26276.0;13430.0;18351.0;45159.0;61436.0
03354;Lï¿½chow-Dannenberg, Landkreis;46502.0;3631.0;3353.0;3540.0;3154.0;7201.0;7433.0;5427.0;6008.0;2896.0;3859.0;6694.0;13917.0
03355;Lï¿½neburg, Landkreis;179448.0;15711.0;14792.0;17496.0;17646.0;29988.0;31097.0;16368.0;17906.0;7533.0;10911.0;35142.0;38525.0
03356;Osterholz, Landkreis;113598.0;10080.0;9622.0;8961.0;8564.0;18753.0;19514.0;11717.0;12399.0;5936.0;8052.0;17525.0;28258.0
03357;Rotenburg (Wï¿½mme), Landkreis;165904.0;14401.0;13684.0;16480.0;14278.0;27772.0;27516.0;16612.0;17267.0;7795.0;10099.0;30758.0;38010.0
03358;Heidekreis;141321.0;12195.0;11564.0;13485.0;11871.0;23300.0;23259.0;14257.0;14991.0;6827.0;9572.0;25356.0;33668.0
03359;Stade, Landkreis;207700.0;19592.0;17235.0;19545.0;18068.0;34927.0;34899.0;19225.0;21004.0;9801.0;13404.0;37613.0;47181.0
03360;Uelzen, Landkreis;91638.0;7371.0;6939.0;8146.0;7312.0;14650.0;14972.0;9901.0;10545.0;4839.0;6963.0;15458.0;24215.0
03361;Verden, Landkreis;138626.0;12836.0;12274.0;12577.0;11554.0;22641.0;23048.0;13231.0;14504.0;6823.0;9138.0;24131.0;32697.0
03401;Delmenhorst, kreisfreie Stadt;81406.0;7550.0;6962.0;8367.0;7666.0;13199.0;13344.0;7130.0;7876.0;3860.0;5452.0;16033.0;18225.0
03402;Emden, kreisfreie Stadt;49202.0;4245.0;4030.0;5366.0;4859.0;8176.0;7986.0;4427.0;4814.0;2138.0;3161.0;10225.0;10949.0
03403;Oldenburg (Oldenburg), kreisfreie Stadt;176614.0;13898.0;13214.0;22701.0;22686.0;27715.0;28322.0;14096.0;16597.0;6960.0;10425.0;45387.0;35695.0
03404;Osnabrï¿½ck, kreisfreie Stadt;166057.0;12715.0;12352.0;22856.0;23854.0;26025.0;25395.0;12874.0;14091.0;6305.0;9590.0;46710.0;32178.0
03405;Wilhelmshaven, kreisfreie Stadt;75745.0;5890.0;5513.0;8627.0;7037.0;11911.0;11142.0;7202.0;8080.0;4251.0;6092.0;15664.0;19647.0
03451;Ammerland, Landkreis;127751.0;11349.0;10559.0;11311.0;10582.0;20787.0;21346.0;12335.0;13753.0;6742.0;8987.0;21893.0;31431.0
03452;Aurich, Landkreis;188816.0;15788.0;14664.0;17393.0;15620.0;30474.0;31395.0;20022.0;21844.0;9157.0;12459.0;33013.0;47461.0
03453;Cloppenburg, Landkreis;177025.0;18547.0;16818.0;19964.0;17926.0;30078.0;28327.0;15678.0;15886.0;5728.0;8073.0;37890.0;32350.0
03454;Emsland, Landkreis;334539.0;31140.0;29812.0;35697.0;30235.0;58151.0;54458.0;31831.0;32395.0;13021.0;17799.0;65932.0;69617.0
03455;Friesland, Landkreis;100411.0;8151.0;7740.0;8534.0;7818.0;15579.0;16552.0;10536.0;11602.0;6003.0;7896.0;16352.0;27250.0
03456;Grafschaft Bentheim, Landkreis;144543.0;13509.0;12656.0;14536.0;12735.0;24200.0;23969.0;13806.0;14373.0;6205.0;8554.0;27271.0;31514.0
03457;Leer, Landkreis;169103.0;15120.0;14646.0;16068.0;14764.0;27978.0;27986.0;16687.0;18085.0;7486.0;10283.0;30832.0;38981.0
03458;Oldenburg, Landkreis;132008.0;11693.0;10868.0;11902.0;11011.0;22360.0;22637.0;13068.0;13804.0;6242.0;8423.0;22913.0;30388.0
03459;Osnabrï¿½ck, Landkreis;354821.0;32437.0;31195.0;33022.0;29943.0;58822.0;59058.0;35382.0;36893.0;15577.0;22492.0;62965.0;81007.0
03460;Vechta, Landkreis;146539.0;14509.0;13926.0;16137.0;14880.0;25171.0;24289.0;12971.0;13037.0;4893.0;6726.0;31017.0;26819.0
03461;Wesermarsch, Landkreis;88936.0;7478.0;7020.0;8394.0;7459.0;14536.0;14234.0;9497.0;9806.0;4532.0;5980.0;15853.0;22036.0
03462;Wittmund, Landkreis;55969.0;4699.0;4220.0;4875.0;4471.0;8596.0;9136.0;6144.0;6846.0;3078.0;3904.0;9346.0;15085.0
04011;Bremen, kreisfreie Stadt;586271.0;51632.0;48883.0;71556.0;64504.0;95632.0;94083.0;46222.0;52170.0;24543.0;37046.0;136060.0;120883.0
04012;Bremerhaven, kreisfreie Stadt;118610.0;11218.0;10393.0;13502.0;12135.0;19032.0;18055.0;10226.0;11707.0;5098.0;7244.0;25637.0;25808.0
05111;Dï¿½sseldorf, kreisfreie Stadt;618685.0;50892.0;46578.0;70656.0;75027.0;107769.0;109505.0;46548.0;51606.0;23205.0;36899.0;145683.0;117459.0
05112;Duisburg, kreisfreie Stadt;502270.0;46773.0;43962.0;56007.0;51052.0;84113.0;81452.0;43062.0;46299.0;19339.0;30211.0;107059.0;102578.0
05113;Essen, kreisfreie Stadt;574682.0;50555.0;47340.0;62092.0;60084.0;93232.0;94254.0;49223.0;55090.0;24564.0;38248.0;122176.0;126187.0
05114;Krefeld, kreisfreie Stadt;231406.0;20138.0;18655.0;23885.0;21839.0;38654.0;38830.0;20826.0;22796.0;10251.0;15532.0;45724.0;51534.0
05116;Mï¿½nchengladbach, kreisfreie Stadt;267213.0;23614.0;22118.0;29353.0;25920.0;44505.0;43290.0;24323.0;26525.0;11081.0;16484.0;55273.0;57972.0
05117;Mï¿½lheim an der Ruhr, kreisfreie Stadt;173050.0;15114.0;14254.0;16708.0;15300.0;27840.0;28928.0;15983.0;17817.0;8351.0;12755.0;32008.0;41448.0
05119;Oberhausen, kreisfreie Stadt;213646.0;18537.0;17863.0;20578.0;20071.0;35279.0;35575.0;20404.0;22574.0;9084.0;13681.0;40649.0;48819.0
05120;Remscheid, kreisfreie Stadt;113828.0;10012.0;9347.0;11603.0;10212.0;19392.0;18761.0;10654.0;11057.0;5107.0;7683.0;21815.0;25377.0
05122;Solingen, kreisfreie Stadt;165626.0;14506.0;13540.0;16374.0;15163.0;27556.0;28068.0;15370.0;16463.0;7306.0;11280.0;31537.0;36963.0
05124;Wuppertal, kreisfreie Stadt;358193.0;32581.0;30148.0;39466.0;37108.0;58987.0;57667.0;30710.0;33449.0;15036.0;23041.0;76574.0;75601.0
05154;Kleve, Landkreis;322018.0;27527.0;25992.0;33788.0;29953.0;54678.0;53184.0;31529.0;32945.0;13371.0;19051.0;63741.0;70912.0
05158;Mettmann, Landkreis;490910.0;42629.0;40324.0;42706.0;39868.0;81317.0;83319.0;46439.0;51632.0;24947.0;37729.0;82574.0;120560.0
05162;Rhein-Kreis Neuss;457077.0;40653.0;38902.0;41071.0;37252.0;77797.0;79919.0;42807.0;46982.0;20905.0;30789.0;78323.0;105197.0
05166;Viersen, Landkreis;297857.0;24587.0;24100.0;27477.0;24243.0;48945.0;51108.0;30756.0;32864.0;14135.0;19642.0;51720.0;71125.0
05170;Wesel, Landkreis;457918.0;38687.0;36615.0;40374.0;37281.0;74114.0;76753.0;47852.0;52629.0;21985.0;31628.0;77655.0;114563.0
05313;Aachen, kreisfreie Stadt (bis 20.10.2009);0.0;0.0;0.0;0.0;0.0;0.0;0.0;0.0;0.0;0.0;0.0;0.0;0.0
05314;Bonn, kreisfreie Stadt;323336.0;27451.0;25857.0;39800.0;41718.0;51806.0;53517.0;24626.0;27658.0;12083.0;18820.0;81518.0;61838.0
05315;Kï¿½ln, kreisfreie Stadt;1024621.0;83962.0;79024.0;123282.0;130646.0;177739.0;178636.0;75620.0;83107.0;37447.0;55158.0;253928.0;184849.0
05316;Leverkusen, kreisfreie Stadt;168581.0;14813.0;14234.0;17488.0;15810.0;28449.0;28418.0;14688.0;15867.0;7528.0;11286.0;33298.0;36445.0
05334;Stï¿½dteregion Aachen, Landkreis;582410.0;46031.0;44213.0;82071.0;64787.0;90773.0;89051.0;51335.0;54280.0;24431.0;35438.0;146858.0;123756.0
05354;Aachen, Landkreis (bis 20.10.2009);0.0;0.0;0.0;0.0;0.0;0.0;0.0;0.0;0.0;0.0;0.0;0.0;0.0
05358;Dï¿½ren, Landkreis;279285.0;24974.0;23147.0;28292.0;25111.0;46331.0;45967.0;27374.0;29178.0;12118.0;16793.0;53403.0;63045.0
05362;Rhein-Erft-Kreis;477988.0;43520.0;40581.0;45228.0;41713.0;81307.0;82793.0;43410.0;47784.0;21342.0;30310.0;86941.0;105888.0
05366;Euskirchen, Landkreis;202609.0;17840.0;16532.0;19320.0;16879.0;33521.0;33810.0;21226.0;22311.0;8816.0;12354.0;36199.0;47216.0
05370;Heinsberg, Landkreis;263681.0;23057.0;22025.0;25400.0;22434.0;43919.0;44310.0;27121.0;28282.0;11196.0;15937.0;47834.0;60073.0
05374;Oberbergischer Kreis;274057.0;24779.0;24262.0;25957.0;23462.0;44825.0;45514.0;27514.0;28703.0;11962.0;17079.0;49419.0;62452.0
05378;Rheinisch-Bergischer Kreis;284273.0;24558.0;23429.0;24215.0;22311.0;46912.0;49518.0;28231.0;30135.0;14295.0;20669.0;46526.0;68994.0
05382;Rhein-Sieg-Kreis;605441.0;54363.0;50417.0;56326.0;50869.0;100152.0;103470.0;58319.0;63483.0;28467.0;39575.0;107195.0;140028.0
05512;Bottrop, kreisfreie Stadt;118535.0;10032.0;9552.0;11030.0;10229.0;19538.0;19744.0;11775.0;13286.0;5240.0;8109.0;21259.0;28840.0
05513;Gelsenkirchen, kreisfreie Stadt;267930.0;26528.0;25016.0;28813.0;26642.0;44183.0;42997.0;23125.0;25068.0;9901.0;15657.0;55455.0;54700.0
05515;Mï¿½nster, kreisfreie Stadt;308258.0;23994.0;22286.0;43047.0;48265.0;46123.0;47043.0;23325.0;26049.0;10974.0;17152.0;91312.0;57608.0
05554;Borken, Landkreis;380796.0;35756.0;34674.0;39529.0;34057.0;64206.0;62998.0;36431.0;37577.0;14757.0;20811.0;73586.0;78461.0
05558;Coesfeld, Landkreis;227859.0;20416.0;19643.0;21367.0;18616.0;37582.0;38015.0;23128.0;24900.0;10093.0;14099.0;39983.0;52986.0
05562;Recklinghausen, Landkreis;621305.0;54562.0;50922.0;57982.0;52898.0;101766.0;103735.0;61444.0;68445.0;27691.0;41860.0;110880.0;149333.0
05566;Steinfurt, Landkreis;451712.0;41481.0;39175.0;46123.0;39819.0;76112.0;75313.0;43444.0;45509.0;18029.0;26707.0;85942.0;96894.0
05570;Warendorf, Landkreis;282639.0;25747.0;24181.0;26738.0;24296.0;47375.0;47135.0;27471.0;29438.0;12611.0;17647.0;51034.0;64339.0
05711;Bielefeld, kreisfreie Stadt;331605.0;29175.0;27859.0;38376.0;38793.0;53656.0;53568.0;26524.0;29861.0;13280.0;20513.0;77169.0;67444.0
05754;Gï¿½tersloh, Landkreis;363982.0;33703.0;31511.0;36940.0;32291.0;62426.0;61207.0;33669.0;35569.0;14839.0;21827.0;69231.0;77074.0
05758;Herford, Landkreis;254404.0;22225.0;21778.0;24482.0;21287.0;41864.0;42590.0;24708.0;26531.0;11979.0;16960.0;45769.0;59291.0
05762;Hï¿½xter, Landkreis;139252.0;11946.0;11304.0;13469.0;11090.0;22413.0;22438.0;15165.0;15486.0;6592.0;9349.0;24559.0;34636.0
05766;Lippe, Landkreis;347149.0;32336.0;30323.0;33309.0;30038.0;54723.0;55480.0;34022.0;36637.0;16263.0;24018.0;63347.0;82892.0
05770;Minden-Lï¿½bbecke, Landkreis;320557.0;29403.0;27702.0;31370.0;28096.0;52394.0;51268.0;31399.0;33375.0;14461.0;21089.0;59466.0;74211.0
05774;Paderborn, Landkreis;315912.0;29029.0;26927.0;36178.0;32559.0;52281.0;50541.0;28860.0;30562.0;11854.0;17121.0;68737.0;64877.0
05911;Bochum, kreisfreie Stadt;358676.0;28352.0;26774.0;42393.0;39697.0;58287.0;56856.0;31950.0;35028.0;15548.0;23791.0;82090.0;80338.0
05913;Dortmund, kreisfreie Stadt;603462.0;52912.0;50841.0;70324.0;64964.0;100304.0;98190.0;50461.0;54988.0;23859.0;36619.0;135288.0;123719.0
05914;Hagen, kreisfreie Stadt;190384.0;17811.0;16892.0;19552.0;18909.0;31604.0;30233.0;16962.0;18283.0;7799.0;12339.0;38461.0;41025.0
05915;Hamm, kreisfreie Stadt;179968.0;15990.0;15405.0;19797.0;17205.0;29875.0;29479.0;15897.0;17633.0;7583.0;11104.0;37002.0;39168.0
05916;Herne, kreisfreie Stadt;155851.0;14032.0;13026.0;16305.0;15321.0;25445.0;25530.0;14041.0;15307.0;6573.0;10271.0;31626.0;34436.0
05954;Ennepe-Ruhr-Kreis;314167.0;25729.0;24592.0;28567.0;27036.0;50618.0;52569.0;31576.0;34796.0;15571.0;23113.0;55603.0;78569.0
05958;Hochsauerlandkreis;260843.0;21940.0;20592.0;25656.0;21957.0;43572.0;42539.0;27025.0;28199.0;12033.0;17330.0;47613.0;62310.0
05962;Mï¿½rkischer Kreis;408046.0;35709.0;33218.0;38577.0;34932.0;67686.0;67819.0;40819.0;43057.0;18516.0;27713.0;73509.0;95466.0
05966;Olpe, Landkreis;132346.0;11641.0;10996.0;13332.0;11151.0;22787.0;22304.0;13230.0;13720.0;5437.0;7748.0;24483.0;29039.0
05970;Siegen-Wittgenstein, Landkreis;274074.0;24354.0;22248.0;28923.0;25324.0;44991.0;44076.0;26305.0;28581.0;11976.0;17296.0;54247.0;62441.0
05974;Soest, Landkreis;300297.0;25851.0;24681.0;29086.0;25479.0;50952.0;49792.0;30133.0;31998.0;13280.0;19045.0;54565.0;69469.0
05978;Unna, Landkreis;393784.0;33587.0;31535.0;36215.0;33060.0;64601.0;66475.0;39424.0;43489.0;18443.0;26955.0;69275.0;95818.0
06411;Darmstadt, kreisfreie Stadt;167029.0;13678.0;12842.0;28164.0;21791.0;26003.0;25601.0;11563.0;12897.0;5922.0;8568.0;49955.0;29013.0
06412;Frankfurt am Main, kreisfreie Stadt;756021.0;63934.0;62795.0;95119.0;97505.0;136795.0;135273.0;51337.0;54393.0;24050.0;34820.0;192624.0;120486.0
06413;Offenbach am Main, kreisfreie Stadt;132746.0;12064.0;11791.0;16261.0;15644.0;24700.0;22770.0;9478.0;9638.0;4202.0;6198.0;31905.0;21309.0
06414;Wiesbaden, kreisfreie Stadt;288850.0;25571.0;24333.0;31654.0;31685.0;48434.0;50033.0;22298.0;25221.0;11936.0;17685.0;63339.0;57472.0
06431;Bergstraï¿½e, Landkreis;274169.0;23750.0;22614.0;25187.0;22399.0;45586.0;46607.0;27793.0;29027.0;13183.0;18023.0;47586.0;64975.0
06432;Darmstadt-Dieburg, Landkreis;302021.0;26954.0;25704.0;28512.0;25303.0;51458.0;52295.0;28771.0;30677.0;13846.0;18501.0;53815.0;67534.0
06433;Groï¿½-Gerau, Landkreis;268310.0;25571.0;24033.0;27735.0;24551.0;47452.0;46417.0;22670.0;23735.0;10866.0;15280.0;52286.0;53184.0
06434;Hochtaunuskreis;241664.0;22340.0;20692.0;20517.0;18404.0;40828.0;43509.0;21132.0;23562.0;12399.0;18281.0;38921.0;56671.0
06435;Main-Kinzig-Kreis;420914.0;37582.0;35605.0;40758.0;36527.0;71009.0;71840.0;39232.0;42347.0;19442.0;26572.0;77285.0;94991.0
06436;Main-Taunus-Kreis;238775.0;22153.0;20979.0;21744.0;19340.0;41773.0;43108.0;20277.0;22132.0;11333.0;15936.0;41084.0;51875.0
06437;Odenwaldkreis;93846.0;7843.0;7371.0;8295.0;7388.0;15228.0;15485.0;10147.0;10745.0;4801.0;6543.0;15683.0;24158.0
06438;Offenbach, Landkreis;358022.0;32844.0;30783.0;34847.0;32364.0;60983.0;61715.0;30959.0;33717.0;16647.0;23163.0;67211.0;78384.0
06439;Rheingau-Taunus-Kreis;185651.0;15790.0;14704.0;16327.0;14612.0;30744.0;32279.0;18387.0;20073.0;9642.0;13093.0;30939.0;45717.0
06440;Wetteraukreis;311593.0;27438.0;26085.0;29795.0;26020.0;52887.0;54459.0;29505.0;31360.0;14313.0;19731.0;55815.0;70282.0
06531;Gieï¿½en, Landkreis;268418.0;22309.0;21599.0;33229.0;32921.0;41850.0;40985.0;23668.0;25663.0;10971.0;15223.0;66150.0;55971.0
06532;Lahn-Dill-Kreis;254074.0;22579.0;21000.0;24644.0;21607.0;41765.0;42439.0;25032.0;26981.0;11428.0;16599.0;46251.0;59223.0
06533;Limburg-Weilburg, Landkreis;173830.0;14775.0;14503.0;17000.0;14831.0;28892.0;28908.0;17683.0;18552.0;7777.0;10909.0;31831.0;40352.0
06534;Marburg-Biedenkopf, Landkreis;242805.0;20123.0;19233.0;28370.0;28234.0;38287.0;38302.0;22410.0;23798.0;9806.0;14242.0;56604.0;51600.0
06535;Vogelsbergkreis;101163.0;8164.0;7828.0;8703.0;7522.0;16473.0;16255.0;11789.0;12250.0;5121.0;7058.0;16225.0;27113.0
06611;Kassel, kreisfreie Stadt;197230.0;16317.0;16202.0;24703.0;24365.0;31148.0;30909.0;15808.0;17640.0;7957.0;12181.0;49068.0;40235.0
06631;Fulda, Landkreis;222283.0;19487.0;18523.0;23496.0;20960.0;36338.0;35729.0;21269.0;22246.0;10017.0;14218.0;44456.0;50347.0
06632;Hersfeld-Rotenburg, Landkreis;117414.0;10150.0;9339.0;10519.0;9282.0;19257.0;18883.0;12335.0;13111.0;6109.0;8429.0;19801.0;30172.0
06633;Kassel, Landkreis;231073.0;19510.0;18281.0;19779.0;18042.0;37618.0;38443.0;23665.0;25731.0;12684.0;17320.0;37821.0;60200.0
06634;Schwalm-Eder-Kreis;180071.0;14906.0;14303.0;16846.0;14282.0;30199.0;29629.0;19129.0;19759.0;8943.0;12075.0;31128.0;44523.0
06635;Waldeck-Frankenberg, Landkreis;155126.0;13207.0;12388.0;14869.0;12759.0;25076.0;25193.0;16513.0;17273.0;7378.0;10470.0;27628.0;38168.0
06636;Werra-Meiï¿½ner-Kreis;97695.0;7830.0;7166.0;8962.0;7523.0;15552.0;15754.0;10793.0;11493.0;5247.0;7375.0;16485.0;26267.0
07111;Koblenz, kreisfreie Stadt;113378.0;8898.0;8244.0;14923.0;13409.0;18032.0;17181.0;9335.0;10504.0;4962.0;7890.0;28332.0;25011.0
07131;Ahrweiler, Landkreis;129353.0;10453.0;10136.0;11707.0;10677.0;20965.0;20752.0;13911.0;14243.0;6819.0;9690.0;22384.0;33561.0
07132;Altenkirchen (Westerwald), Landkreis;132125.0;11851.0;11286.0;12499.0;11030.0;21817.0;21372.0;13691.0;14407.0;5705.0;8467.0;23529.0;31132.0
07133;Bad Kreuznach, Landkreis;164748.0;14281.0;13357.0;14947.0;13480.0;26755.0;27349.0;16996.0;18726.0;7866.0;10991.0;28427.0;40675.0
07134;Birkenfeld, Landkreis;82611.0;6884.0;6502.0;7960.0;6953.0;12899.0;13097.0;9097.0;9707.0;3938.0;5574.0;14913.0;21195.0
07135;Cochem-Zell, Landkreis;61608.0;4992.0;4574.0;5817.0;4759.0;9902.0;10005.0;6997.0;7169.0;3106.0;4287.0;10576.0;15980.0
07137;Mayen-Koblenz, Landkreis;217228.0;18824.0;17894.0;20681.0;18567.0;35911.0;36310.0;22226.0;23531.0;9762.0;13522.0;39248.0;51145.0
07138;Neuwied, Landkreis;189061.0;17077.0;16106.0;17857.0;16305.0;30617.0;30631.0;19311.0;20262.0;8632.0;12263.0;34162.0;44685.0
07140;Rhein-Hunsrï¿½ck-Kreis;106705.0;9220.0;8619.0;9742.0;8646.0;17686.0;17583.0;11544.0;12093.0;4891.0;6681.0;18388.0;25920.0
07141;Rhein-Lahn-Kreis;125588.0;10780.0;10143.0;11226.0;10016.0;21099.0;20698.0;13218.0;14036.0;5969.0;8403.0;21242.0;30961.0
07143;Westerwaldkreis;207803.0;18388.0;17386.0;18897.0;17509.0;35341.0;35162.0;21486.0;22111.0;9012.0;12511.0;36406.0;47353.0
07211;Trier, kreisfreie Stadt;104342.0;8042.0;7703.0;14351.0;13729.0;16786.0;16392.0;8307.0;9414.0;3677.0;5941.0;28080.0;20435.0
07231;Bernkastel-Wittlich, Landkreis;113187.0;9521.0;8996.0;10444.0;9163.0;18951.0;18550.0;12425.0;12636.0;5235.0;7266.0;19607.0;27798.0
07232;Eifelkreis Bitburg-Prï¿½m;99788.0;9298.0;8200.0;9690.0;8508.0;16595.0;16920.0;10451.0;10546.0;4161.0;5419.0;18198.0;22042.0
07233;Vulkaneifel, Landkreis;59313.0;4710.0;4529.0;5330.0;4697.0;9555.0;9466.0;7075.0;7003.0;3053.0;3895.0;10027.0;15649.0
07235;Trier-Saarburg, Landkreis;148953.0;13240.0;12502.0;13562.0;12069.0;25511.0;25970.0;15377.0;15812.0;6257.0;8653.0;25631.0;33690.0
07311;Frankenthal (Pfalz), kreisfreie Stadt;48140.0;4338.0;4059.0;4889.0;4180.0;8142.0;7594.0;4259.0;4865.0;2282.0;3532.0;9069.0;11441.0
07312;Kaiserslautern, kreisfreie Stadt;100426.0;7757.0;7511.0;14694.0;11204.0;15236.0;15029.0;8877.0;9769.0;4091.0;6258.0;25898.0;21620.0
07313;Landau in der Pfalz, kreisfreie Stadt;48209.0;3960.0;3687.0;5596.0;6313.0;7482.0;7607.0;4313.0;4580.0;1903.0;2768.0;11909.0;10027.0
07314;Ludwigshafen am Rhein, kreisfreie Stadt;177222.0;16778.0;16253.0;20929.0;18149.0;31200.0;28253.0;14170.0;14838.0;6768.0;9884.0;39078.0;33627.0
07315;Mainz, kreisfreie Stadt;224684.0;16712.0;16745.0;32381.0;34311.0;36065.0;34705.0;15939.0;17421.0;8401.0;12004.0;66692.0;40470.0
07316;Neustadt an der Weinstraï¿½e, kreisfreie Stadt;52945.0;4646.0;4145.0;4736.0;4554.0;8189.0;8497.0;5444.0;6031.0;2719.0;3984.0;9290.0;13697.0
07317;Pirmasens, kreisfreie Stadt;39761.0;3330.0;3109.0;4137.0;3544.0;6207.0;5922.0;4137.0;4479.0;1843.0;3053.0;7681.0;10143.0
07318;Speyer, kreisfreie Stadt;49564.0;4054.0;3746.0;4920.0;4382.0;7960.0;8201.0;4856.0;5521.0;2309.0;3615.0;9302.0;12281.0
07319;Worms, kreisfreie Stadt;86753.0;8012.0;7361.0;9685.0;8504.0;14452.0;14223.0;7902.0;8250.0;3472.0;4892.0;18189.0;18139.0
07320;Zweibrï¿½cken, kreisfreie Stadt;33323.0;2719.0;2743.0;3420.0;2892.0;5290.0;5255.0;3482.0;3643.0;1614.0;2265.0;6312.0;8298.0
07331;Alzey-Worms, Landkreis;131238.0;11952.0;11400.0;11755.0;10743.0;22300.0;22230.0;13805.0;14546.0;5302.0;7205.0;22498.0;29837.0
07332;Bad Dï¿½rkheim, Landkreis;134329.0;10915.0;10641.0;10766.0;10078.0;22280.0;22427.0;15027.0;15741.0;6976.0;9478.0;20844.0;35029.0
07333;Donnersbergkreis;74783.0;6375.0;6185.0;6543.0;5906.0;12362.0;12394.0;8491.0;8777.0;3256.0;4494.0;12449.0;18283.0
07334;Germersheim, Landkreis;131383.0;11947.0;11159.0;12231.0;11362.0;22541.0;22585.0;13311.0;13513.0;5446.0;7288.0;23593.0;28879.0
07335;Kaiserslautern, Landkreis;106343.0;10018.0;9454.0;9251.0;8611.0;17048.0;17473.0;11454.0;11960.0;4489.0;6585.0;17862.0;25387.0
07336;Kusel, Landkreis;69334.0;5707.0;5396.0;6213.0;5368.0;11112.0;11009.0;8314.0;8444.0;3223.0;4548.0;11581.0;18224.0
07337;Sï¿½dliche Weinstraï¿½e, Landkreis;113031.0;9550.0;8929.0;9504.0;8599.0;18679.0;19073.0;12462.0;13352.0;5414.0;7469.0;18103.0;28419.0
07338;Rhein-Pfalz-Kreis;155882.0;14277.0;13400.0;13018.0;11796.0;25886.0;26205.0;15938.0;17070.0;7632.0;10660.0;24814.0;37828.0
07339;Mainz-Bingen, Landkreis;206454.0;18766.0;17652.0;17715.0;15853.0;35161.0;36616.0;20852.0;22075.0;9174.0;12590.0;33568.0;47497.0
07340;Sï¿½dwestpfalz, Landkreis;89974.0;6984.0;6668.0;7203.0;6585.0;14450.0;14611.0;10839.0;11375.0;4778.0;6481.0;13788.0;24871.0
08111;Stuttgart, kreisfreie Stadt;612663.0;49696.0;46745.0;80309.0;77555.0;105697.0;102177.0;43928.0;46422.0;25095.0;35039.0;157864.0;112905.0
08115;Bï¿½blingen, Landkreis;395167.0;37153.0;35668.0;39007.0;36268.0;68562.0;67158.0;33736.0;35615.0;17831.0;24169.0;75275.0;82786.0
08116;Esslingen, Landkreis;536601.0;47390.0;45186.0;57193.0;49786.0;91445.0;90539.0;46604.0;49360.0;24851.0;34247.0;106979.0;115007.0
08117;Gï¿½ppingen, Landkreis;258809.0;23261.0;22349.0;25984.0;22864.0;42884.0;42605.0;24184.0;25487.0;12084.0;17107.0;48848.0;58779.0
08118;Ludwigsburg, Landkreis;535374.0;49720.0;47151.0;53544.0;49310.0;92099.0;92060.0;45903.0;49181.0;23171.0;33235.0;102854.0;112361.0
08119;Rems-Murr-Kreis;440696.0;39099.0;37791.0;43764.0;39768.0;74451.0;73554.0;40311.0;42649.0;20636.0;28673.0;83532.0;97546.0
08121;Heilbronn, kreisfreie Stadt;131986.0;12157.0;11374.0;17669.0;13827.0;22202.0;21361.0;9729.0;10789.0;5076.0;7802.0;31496.0;25092.0
08125;Heilbronn, Landkreis;353877.0;33490.0;31032.0;35587.0;31499.0;61129.0;59856.0;32415.0;34406.0;14491.0;19972.0;67086.0;73890.0
08126;Hohenlohekreis;115644.0;10749.0;9837.0;12108.0;10582.0;19770.0;18855.0;11089.0;11622.0;4614.0;6418.0;22690.0;24544.0
08127;Schwï¿½bisch Hall, Landkreis;200902.0;18288.0;18154.0;21221.0;18115.0;34364.0;33136.0;18997.0;19959.0;7918.0;10750.0;39336.0;42212.0
08128;Main-Tauber-Kreis;133169.0;11528.0;10596.0;12834.0;11011.0;22112.0;21440.0;13767.0;14727.0;6300.0;8854.0;23845.0;32742.0
08135;Heidenheim, Landkreis;135235.0;11941.0;11537.0;13876.0;11838.0;22659.0;22104.0;12667.0;13297.0;6277.0;9039.0;25714.0;30885.0
08136;Ostalbkreis;317427.0;28535.0;27059.0;32250.0;29434.0;53113.0;52064.0;29998.0;31494.0;14017.0;19463.0;61684.0;70435.0
08211;Baden-Baden, kreisfreie Stadt;56881.0;4362.0;4198.0;4818.0;4814.0;8844.0;9706.0;5782.0;6164.0;3301.0;4892.0;9632.0;15484.0
08212;Karlsruhe, kreisfreie Stadt;309050.0;22976.0;21671.0;47223.0;36935.0;50462.0;48599.0;23825.0;26334.0;12509.0;18516.0;84158.0;60660.0
08215;Karlsruhe, Landkreis;456264.0;40191.0;37565.0;44355.0;38001.0;78496.0;77070.0;43820.0;46856.0;20778.0;29132.0;82356.0;103633.0
08216;Rastatt, Landkreis;230737.0;20025.0;18915.0;22011.0;18970.0;38830.0;38581.0;23339.0;24641.0;10575.0;14850.0;40981.0;54196.0
08221;Heidelberg, kreisfreie Stadt;155756.0;11507.0;11255.0;25399.0;27928.0;22229.0;23014.0;10059.0;11336.0;5403.0;7626.0;53327.0;25988.0
08222;Mannheim, kreisfreie Stadt;318035.0;25225.0;24119.0;42545.0;39989.0;54642.0;51211.0;24599.0;25936.0;12235.0;17534.0;82534.0;59485.0
08225;Neckar-Odenwald-Kreis;145263.0;12488.0;11919.0;14496.0;11946.0;23924.0;23401.0;15239.0;15907.0;6672.0;9271.0;26442.0;34607.0
08226;Rhein-Neckar-Kreis;558561.0;49477.0;46433.0;52424.0;48758.0;93335.0;95446.0;52446.0;57017.0;26829.0;36396.0;101182.0;128335.0
08231;Pforzheim, kreisfreie Stadt;134912.0;12712.0;12044.0;15811.0;14455.0;22021.0;21641.0;10579.0;11914.0;5295.0;8440.0;30266.0;27093.0
08235;Calw, Landkreis;161251.0;14760.0;14019.0;15733.0;13911.0;26922.0;26479.0;15836.0;16749.0;7141.0;9701.0;29644.0;36172.0
08236;Enzkreis;199745.0;18242.0;17648.0;19011.0;16656.0;33208.0;33220.0;19426.0;20307.0;9210.0;12817.0;35667.0;45443.0
08237;Freudenstadt, Landkreis;121958.0;10722.0;10329.0;12681.0;10917.0;20441.0;19691.0;11945.0;12582.0;5189.0;7461.0;23598.0;27078.0
08311;Freiburg im Breisgau, kreisfreie Stadt;237460.0;19743.0;17983.0;32429.0;38410.0;35348.0;37004.0;17036.0;19009.0;8491.0;12007.0;70839.0;42291.0
08315;Breisgau-Hochschwarzwald, Landkreis;272558.0;24825.0;23552.0;26087.0;23711.0;43731.0;45173.0;26150.0;28333.0;13430.0;17566.0;49798.0;63950.0
08316;Emmendingen, Landkreis;169787.0;15322.0;14714.0;16647.0;14443.0;28021.0;28477.0;16409.0;17675.0;7580.0;10499.0;31090.0;38567.0
08317;Ortenaukreis;444858.0;40241.0;38178.0;44939.0;39555.0;73907.0;72555.0;43678.0;45362.0;19371.0;27072.0;84494.0;100115.0
08325;Rottweil, Landkreis;140237.0;13190.0;12482.0;13770.0;12085.0;23292.0;22632.0;13575.0;14195.0;6313.0;8703.0;25855.0;31390.0
08326;Schwarzwald-Baar-Kreis;214065.0;19382.0;18618.0;21715.0;19227.0;34525.0;34117.0;20345.0;21659.0;10046.0;14431.0;40942.0;50005.0
08327;Tuttlingen, Landkreis;145208.0;14364.0;13438.0;15272.0;13329.0;24303.0;23560.0;13098.0;13727.0;5825.0;8292.0;28601.0;30208.0
08335;Konstanz, Landkreis;291841.0;25165.0;23543.0;31893.0;31061.0;45191.0;47753.0;26213.0;28640.0;13654.0;18728.0;62954.0;64986.0
08336;Lï¿½rrach, Landkreis;238263.0;21972.0;21192.0;23398.0;20976.0;39222.0;40472.0;22263.0;23994.0;10204.0;14570.0;44374.0;52002.0
08337;Waldshut, Landkreis;171579.0;15952.0;15402.0;16376.0;14579.0;27921.0;28352.0;16721.0;18037.0;7758.0;10481.0;30955.0;39346.0
08415;Reutlingen, Landkreis;293483.0;26674.0;25228.0;30066.0;27016.0;48639.0;48763.0;26993.0;28827.0;12990.0;18287.0;57082.0;64494.0
08416;Tï¿½bingen, Landkreis;233546.0;19895.0;19762.0;28944.0;30928.0;35531.0;36508.0;19882.0;21128.0;8871.0;12097.0;59872.0;45541.0
08417;Zollernalbkreis;193326.0;17008.0;16270.0;19036.0;16646.0;31614.0;31686.0;19325.0;20419.0;8681.0;12641.0;35682.0;45044.0
08421;Ulm, kreisfreie Stadt;129882.0;10581.0;10622.0;17630.0;16505.0;21310.0;20289.0;9267.0;10688.0;5299.0;7691.0;34135.0;25145.0
08425;Alb-Donau-Kreis;202354.0;19538.0;18279.0;20530.0;18323.0;34737.0;33499.0;18662.0;19168.0;8241.0;11377.0;38853.0;41971.0
08426;Biberach, Landkreis;207415.0;20032.0;19187.0;21434.0;18445.0;35824.0;34531.0;18991.0;19536.0;8253.0;11182.0;39879.0;42551.0
08435;Bodenseekreis;220804.0;19240.0;18277.0;20803.0;18734.0;36183.0;36403.0;20666.0;22940.0;11686.0;15872.0;39537.0;53952.0
08436;Ravensburg, Landkreis;291102.0;26556.0;25439.0;30784.0;27839.0;48161.0;47684.0;26414.0;28116.0;12949.0;17160.0;58623.0;62725.0
08437;Sigmaringen, Landkreis;132167.0;11983.0;11150.0;13616.0;11633.0;21679.0;21419.0;13261.0;13764.0;5627.0;8035.0;25249.0;29601.0
09161;Ingolstadt, kreisfreie Stadt;141185.0;12822.0;12212.0;18056.0;14750.0;25009.0;23390.0;10664.0;11609.0;5240.0;7433.0;32806.0;26094.0
09162;Mï¿½nchen, kreisfreie Stadt;1505005.0;122185.0;116128.0;198963.0;198669.0;264555.0;262185.0;95274.0;108858.0;56465.0;81723.0;397632.0;256263.0
09163;Rosenheim, kreisfreie Stadt;65274.0;5563.0;5257.0;8102.0;7175.0;10937.0;10779.0;4934.0;5630.0;2816.0;4081.0;15277.0;13072.0
09171;Altï¿½tting, Landkreis;113938.0;10402.0;9699.0;11217.0;9909.0;19123.0;18450.0;10834.0;11725.0;4978.0;7601.0;21126.0;26059.0
09172;Berchtesgadener Land, Landkreis;105292.0;8861.0;8419.0;10269.0;9462.0;17424.0;17112.0;9445.0;10656.0;5510.0;8134.0;19731.0;25644.0
09173;Bad Tï¿½lz-Wolfratshausen, Landkreis;130248.0;12000.0;10884.0;12140.0;11104.0;22025.0;22630.0;11769.0;12592.0;6370.0;8734.0;23244.0;29366.0
09174;Dachau, Landkreis;153595.0;14392.0;13232.0;15602.0;13517.0;27480.0;27475.0;13098.0;13738.0;6187.0;8874.0;29119.0;30515.0
09175;Ebersberg, Landkreis;144225.0;14005.0;13085.0;14039.0;12252.0;25870.0;25941.0;11676.0;12332.0;6370.0;8655.0;26291.0;28555.0
09176;Eichstï¿½tt, Landkreis;135668.0;13564.0;12920.0;13511.0;12040.0;23832.0;22849.0;12411.0;12463.0;5299.0;6779.0;25551.0;26821.0
09177;Erding, Landkreis;140127.0;12923.0;12334.0;14163.0;13117.0;25630.0;24982.0;12505.0;12343.0;5124.0;7006.0;27280.0;26142.0
09178;Freising, Landkreis;184564.0;16904.0;15302.0;21952.0;19085.0;34362.0;32185.0;14708.0;15105.0;6382.0;8579.0;41037.0;31612.0
09179;Fï¿½rstenfeldbruck, Landkreis;218227.0;20237.0;18851.0;20346.0;18905.0;37735.0;38066.0;17659.0;19840.0;10955.0;15633.0;39251.0;48376.0
09180;Garmisch-Partenkirchen, Landkreis;89296.0;7101.0;6755.0;8279.0;7800.0;13935.0;15137.0;8472.0;9307.0;5087.0;7423.0;16079.0;22885.0
09181;Landsberg am Lech, Landkreis;122107.0;11164.0;10666.0;11424.0;9864.0;20948.0;21184.0;11474.0;12318.0;5693.0;7372.0;21288.0;26735.0
09182;Miesbach, Landkreis;97152.0;8448.0;7821.0;8833.0;7747.0;16474.0;17038.0;8912.0;9519.0;5052.0;7308.0;16580.0;22926.0
09183;Mï¿½hldorf am Inn, Landkreis;122037.0;10983.0;10453.0;12684.0;10905.0;21499.0;20121.0;11448.0;11799.0;5139.0;7006.0;23589.0;25957.0
09184;Mï¿½nchen, Landkreis;354396.0;32708.0;30910.0;36310.0;31346.0;61534.0;63081.0;26991.0;29326.0;17794.0;24396.0;67656.0;74461.0
09185;Neuburg-Schrobenhausen, Landkreis;99364.0;9320.0;9105.0;9874.0;8684.0;17425.0;16553.0;9274.0;9607.0;3973.0;5549.0;18558.0;20625.0
09186;Pfaffenhofen an der Ilm, Landkreis;130781.0;12363.0;11679.0;13267.0;11482.0;23783.0;22448.0;11850.0;12190.0;5081.0;6638.0;24749.0;25723.0
09187;Rosenheim, Landkreis;258637.0;23577.0;21921.0;23947.0;21574.0;43125.0;44233.0;24021.0;26250.0;12582.0;17407.0;45521.0;59597.0
09188;Starnberg, Landkreis;139329.0;12547.0;12076.0;11903.0;10821.0;22966.0;24736.0;12131.0;13573.0;7851.0;10725.0;22724.0;33399.0
09189;Traunstein, Landkreis;175144.0;15370.0;14263.0;16292.0;14891.0;28445.0;29118.0;17092.0;18364.0;8919.0;12390.0;31183.0;42376.0
09190;Weilheim-Schongau, Landkreis;138957.0;12892.0;12113.0;12955.0;11761.0;22769.0;23265.0;13101.0;14060.0;6918.0;9123.0;24716.0;31972.0
09261;Landshut, kreisfreie Stadt;71863.0;6096.0;5800.0;8161.0;7780.0;12412.0;12079.0;5595.0;6408.0;2978.0;4554.0;15941.0;14735.0
09262;Passau, kreisfreie Stadt;53039.0;3739.0;3723.0;7230.0;6829.0;8137.0;7954.0;4366.0;4978.0;2464.0;3619.0;14059.0;11862.0
09263;Straubing, kreisfreie Stadt;49002.0;3765.0;3496.0;6043.0;5010.0;8615.0;7611.0;4352.0;4964.0;2018.0;3128.0;11053.0;10788.0
09271;Deggendorf, Landkreis;121844.0;10112.0;9439.0;13638.0;11589.0;20480.0;19748.0;11950.0;12765.0;4922.0;7201.0;25227.0;27062.0
09272;Freyung-Grafenau, Landkreis;78710.0;6296.0;5901.0;7475.0;6583.0;12853.0;12883.0;8951.0;9390.0;3522.0;4856.0;14058.0;19598.0
09273;Kelheim, Landkreis;126037.0;11666.0;11066.0;12921.0;11224.0;22496.0;21103.0;11841.0;12115.0;4906.0;6699.0;24145.0;25784.0
09274;Landshut, Landkreis;162170.0;15117.0;14529.0;15746.0;13713.0;28678.0;28147.0;15448.0;15791.0;6563.0;8438.0;29459.0;33446.0
09275;Passau, Landkreis;194699.0;16153.0;15219.0;18113.0;16043.0;32703.0;31888.0;20538.0;22141.0;9093.0;12808.0;34156.0;48129.0
09276;Regen, Landkreis;77267.0;6321.0;5979.0;7254.0;6437.0;12791.0;12555.0;8605.0;8907.0;3494.0;4924.0;13691.0;19289.0
09277;Rottal-Inn, Landkreis;120497.0;10575.0;9832.0;11884.0;10624.0;19971.0;19500.0;12182.0;12927.0;5396.0;7606.0;22508.0;28173.0
09278;Straubing-Bogen, Landkreis;103041.0;9224.0;8991.0;9810.0;8674.0;18041.0;17567.0;10411.0;10583.0;4130.0;5610.0;18484.0;22294.0
09279;Dingolfing-Landau, Landkreis;101035.0;8818.0;8385.0;11076.0;8796.0;18499.0;16632.0;9840.0;9905.0;3778.0;5306.0;19872.0;20742.0
09361;Amberg, kreisfreie Stadt;42553.0;3291.0;3309.0;4664.0;3886.0;6981.0;6763.0;4005.0;4621.0;1949.0;3084.0;8550.0;10356.0
09362;Regensburg, kreisfreie Stadt;151389.0;10798.0;10953.0;23333.0;21986.0;24609.0;24423.0;10542.0;11706.0;5318.0;7721.0;45319.0;26278.0
09363;Weiden in der Oberpfalz, kreisfreie Stadt;42444.0;3275.0;3175.0;4843.0;4217.0;6723.0;6891.0;3865.0;4432.0;1925.0;3098.0;9060.0;10005.0
09371;Amberg-Sulzbach, Landkreis;103982.0;8927.0;8479.0;9734.0;8603.0;17525.0;17232.0;11270.0;11471.0;4502.0;6239.0;18337.0;24247.0
09372;Cham, Landkreis;128534.0;10557.0;10240.0;12755.0;10909.0;21789.0;21037.0;13876.0;13993.0;5644.0;7734.0;23664.0;30448.0
09373;Neumarkt in der Oberpfalz, Landkreis;138693.0;12640.0;11620.0;14168.0;12340.0;24321.0;22971.0;13619.0;14058.0;5463.0;7493.0;26508.0;29389.0
09374;Neustadt an der Waldnaab, Landkreis;96049.0;8316.0;7917.0;8946.0;8035.0;16223.0;15967.0;10411.0;10500.0;4060.0;5674.0;16981.0;22318.0
09375;Regensburg, Landkreis;196213.0;18217.0;17013.0;18312.0;16244.0;34146.0;34021.0;19201.0;19971.0;8307.0;10781.0;34556.0;42488.0
09376;Schwandorf, Landkreis;149312.0;12884.0;12066.0;14728.0;13165.0;26094.0;24868.0;15129.0;15549.0;6028.0;8801.0;27893.0;33058.0
09377;Tirschenreuth, Landkreis;72210.0;5636.0;5691.0;6711.0;6103.0;12248.0;11534.0;8033.0;8228.0;3265.0;4761.0;12814.0;17787.0
09461;Bamberg, kreisfreie Stadt;77150.0;5835.0;5695.0;10446.0;9569.0;12593.0;12150.0;5984.0;6945.0;2964.0;4969.0;20015.0;15595.0
09462;Bayreuth, kreisfreie Stadt;72940.0;5033.0;4835.0;10707.0;9294.0;10996.0;10660.0;5882.0;7115.0;3241.0;5177.0;20001.0;16458.0
09463;Coburg, kreisfreie Stadt;41064.0;3030.0;2975.0;4721.0;4178.0;6538.0;6483.0;3747.0;4481.0;1987.0;2924.0;8899.0;9949.0
09464;Hof, kreisfreie Stadt;46778.0;3980.0;3703.0;5569.0;4410.0;7279.0;7278.0;4154.0;4812.0;2111.0;3482.0;9979.0;11133.0
09471;Bamberg, Landkreis;147777.0;13329.0;12612.0;13415.0;12043.0;25957.0;25513.0;15375.0;15771.0;5756.0;8006.0;25458.0;32148.0
09472;Bayreuth, Landkreis;103215.0;8691.0;8129.0;9015.0;7842.0;17484.0;17659.0;11285.0;11498.0;4761.0;6851.0;16857.0;25318.0
09473;Coburg, Landkreis;84468.0;7196.0;6388.0;7232.0;6356.0;14308.0;14294.0;9151.0;9728.0;4017.0;5798.0;13588.0;21161.0
09474;Forchheim, Landkreis;116184.0;10119.0;10025.0;10704.0;9273.0;19667.0;19789.0;12216.0;12557.0;5002.0;6832.0;19977.0;26342.0
09475;Hof, Landkreis;92191.0;7146.0;6834.0;7876.0;7033.0;14871.0;15175.0;10473.0;10899.0;4808.0;7076.0;14909.0;24845.0
09476;Kronach, Landkreis;64545.0;4616.0;4534.0;5819.0;4771.0;10997.0;10717.0;7429.0;7772.0;3173.0;4717.0;10590.0;17075.0
09477;Kulmbach, Landkreis;71518.0;5455.0;5150.0;6609.0;5604.0;11959.0;11869.0;7918.0;8332.0;3399.0;5223.0;12213.0;18494.0
09478;Lichtenfels, Landkreis;67379.0;5513.0;5298.0;6167.0;5513.0;11181.0;11228.0;7237.0;7620.0;3129.0;4493.0;11680.0;16552.0
09479;Wunsiedel im Fichtelgebirge, Landkreis;70549.0;5654.0;5097.0;6062.0;5716.0;10987.0;11368.0;7831.0;8411.0;3833.0;5590.0;11778.0;19342.0
09561;Ansbach, kreisfreie Stadt;40742.0;3477.0;3381.0;4390.0;3980.0;6521.0;6633.0;3603.0;4311.0;1763.0;2683.0;8370.0;9274.0
09562;Erlangen, kreisfreie Stadt;115928.0;9585.0;8760.0;17661.0;15250.0;17901.0;17982.0;8301.0;9260.0;4224.0;7004.0;32911.0;21562.0
09563;Fï¿½rth, kreisfreie Stadt;132036.0;11009.0;10406.0;14558.0;13429.0;23580.0;23268.0;11044.0;12395.0;4849.0;7498.0;27987.0;26002.0
09564;Nï¿½rnberg, kreisfreie Stadt;529508.0;43515.0;41249.0;63671.0;59103.0;90839.0;89406.0;40637.0;45719.0;21696.0;33673.0;122774.0;107104.0
09565;Schwabach, kreisfreie Stadt;40835.0;3732.0;3335.0;3624.0;3624.0;6794.0;7076.0;3773.0;4043.0;2009.0;2825.0;7248.0;9476.0
09571;Ansbach, Landkreis;187633.0;17202.0;16133.0;18386.0;16215.0;32022.0;31201.0;18891.0;19339.0;7558.0;10686.0;34601.0;41029.0
09572;Erlangen-Hï¿½chstadt, Landkreis;138325.0;13296.0;12210.0;11866.0;10796.0;23791.0;24232.0;13397.0;14265.0;6235.0;8237.0;22662.0;31151.0
09573;Fï¿½rth, Landkreis;117719.0;10501.0;9786.0;9767.0;9198.0;19736.0;20676.0;11305.0;12507.0;5891.0;8352.0;18965.0;28503.0
09574;Nï¿½rnberger Land, Landkreis;168813.0;15083.0;13728.0;14442.0;13066.0;28721.0;29734.0;16463.0;17907.0;8174.0;11495.0;27508.0;40154.0
09575;Neustadt an der Aisch-Bad Windsheim, Landkreis;101043.0;8945.0;8587.0;9373.0;8259.0;17348.0;16875.0;10650.0;10737.0;4319.0;5950.0;17632.0;23189.0
09576;Roth, Landkreis;128632.0;11380.0;10907.0;11552.0;10482.0;22130.0;21932.0;12794.0;13360.0;5970.0;8125.0;22034.0;29556.0
09577;Weiï¿½enburg-Gunzenhausen, Landkreis;94695.0;8429.0;7928.0;9015.0;8118.0;15567.0;15304.0;9872.0;10215.0;4315.0;5932.0;17133.0;22289.0
09661;Aschaffenburg, kreisfreie Stadt;73091.0;6042.0;5679.0;8027.0;7247.0;12176.0;12388.0;6420.0;7359.0;3103.0;4650.0;15274.0;16118.0
09662;Schweinfurt, kreisfreie Stadt;54481.0;4479.0;4579.0;6836.0;5056.0;8443.0;8070.0;4713.0;5591.0;2502.0;4212.0;11892.0;13244.0
09663;Wï¿½rzburg, kreisfreie Stadt;133258.0;8949.0;8527.0;19801.0;21609.0;19718.0;19041.0;9687.0;11528.0;5607.0;8791.0;41410.0;27415.0
09671;Aschaffenburg, Landkreis;170945.0;14751.0;13864.0;15357.0;13601.0;28607.0;29436.0;17751.0;18680.0;8176.0;10722.0;28958.0;40390.0
09672;Bad Kissingen, Landkreis;103489.0;8438.0;8225.0;8854.0;8317.0;16496.0;16573.0;11502.0;11934.0;5623.0;7527.0;17171.0;27522.0
09673;Rhï¿½n-Grabfeld, Landkreis;79375.0;6795.0;6559.0;7384.0;6540.0;12944.0;12675.0;8801.0;8997.0;3636.0;5044.0;13924.0;19545.0
09674;Haï¿½berge, Landkreis;83869.0;7242.0;6954.0;7999.0;6773.0;14017.0;13683.0;9226.0;9451.0;3623.0;4901.0;14772.0;19705.0
09675;Kitzingen, Landkreis;91287.0;8209.0;7597.0;8753.0;7699.0;15738.0;15317.0;9232.0;9548.0;3805.0;5389.0;16452.0;20361.0
09676;Miltenberg, Landkreis;127547.0;11020.0;10545.0;12171.0;10530.0;21328.0;21499.0;13160.0;13683.0;5689.0;7922.0;22701.0;29673.0
09677;Main-Spessart, Landkreis;125282.0;10357.0;9737.0;11296.0;9844.0;20532.0;20655.0;14013.0;14291.0;6236.0;8321.0;21140.0;31750.0
09678;Schweinfurt, Landkreis;113977.0;10283.0;9341.0;10365.0;9155.0;18841.0;18676.0;12288.0;12585.0;5320.0;7123.0;19520.0;27467.0
09679;Wï¿½rzburg, Landkreis;162216.0;14570.0;13763.0;14547.0;13260.0;26923.0;27132.0;16576.0;18020.0;7620.0;9805.0;27807.0;38573.0
09761;Augsburg, kreisfreie Stadt;301105.0;24438.0;23179.0;38872.0;36632.0;51340.0;48453.0;22340.0;25597.0;11806.0;18448.0;75504.0;58990.0
09762;Kaufbeuren, kreisfreie Stadt;46193.0;4153.0;3901.0;4702.0;4382.0;7611.0;7221.0;4184.0;4696.0;2160.0;3183.0;9084.0;10686.0
09763;Kempten (Allgï¿½u), kreisfreie Stadt;67645.0;5740.0;5294.0;7982.0;7315.0;10862.0;10863.0;5391.0;6229.0;3258.0;4711.0;15297.0;15155.0
09764;Memmingen, kreisfreie Stadt;44192.0;3806.0;3921.0;4716.0;4292.0;7269.0;7049.0;3923.0;4223.0;2125.0;2868.0;9008.0;9911.0
09771;Aichach-Friedberg, Landkreis;136803.0;12847.0;12524.0;12611.0;11397.0;23762.0;23392.0;12803.0;13258.0;6099.0;8110.0;24008.0;29375.0
09772;Augsburg, Landkreis;262811.0;24929.0;23409.0;24367.0;22231.0;45113.0;44719.0;24343.0;25780.0;11723.0;16197.0;46598.0;57400.0
09773;Dillingen an der Donau, Landkreis;98899.0;9105.0;8565.0;9705.0;8627.0;16883.0;16337.0;9624.0;10051.0;4248.0;5754.0;18332.0;21808.0
09774;Gï¿½nzburg, Landkreis;129846.0;12000.0;11097.0;13572.0;11625.0;22338.0;21782.0;12386.0;12617.0;5312.0;7117.0;25197.0;27169.0
09775;Neu-Ulm, Landkreis;183595.0;16529.0;15717.0;19223.0;17727.0;31676.0;30577.0;16110.0;17147.0;8151.0;10738.0;36950.0;38805.0
09776;Lindau (Bodensee), Landkreis;82411.0;6967.0;6972.0;7847.0;6648.0;13689.0;14153.0;7700.0;8403.0;4273.0;5759.0;14495.0;19432.0
09777;Ostallgï¿½u, Landkreis;142047.0;12916.0;12584.0;13867.0;12221.0;23571.0;23510.0;13481.0;14369.0;6796.0;8732.0;26088.0;32114.0
09778;Unterallgï¿½u, Landkreis;147255.0;13683.0;12961.0;14896.0;12791.0;25332.0;23689.0;13824.0;14220.0;6689.0;9170.0;27687.0;32361.0
09779;Donau-Ries, Landkreis;135098.0;12212.0;11580.0;13587.0;11804.0;23711.0;22145.0;13092.0;13349.0;5839.0;7779.0;25391.0;29320.0
09780;Oberallgï¿½u, Landkreis;155413.0;13697.0;12964.0;14183.0;13099.0;25270.0;26193.0;15162.0;16093.0;8069.0;10683.0;27282.0;37379.0
10041;Regionalverband Saarbrï¿½cken, Landkreis;333149.0;26973.0;25326.0;36765.0;33343.0;52720.0;52025.0;32773.0;35568.0;15049.0;22607.0;70108.0;80050.0
10042;Merzig-Wadern, Landkreis;108779.0;8830.0;7892.0;10153.0;9011.0;18341.0;17958.0;12147.0;12594.0;4666.0;7187.0;19164.0;27013.0
10043;Neunkirchen, Landkreis;133179.0;10776.0;10009.0;12328.0;11017.0;21540.0;21455.0;14678.0;15700.0;6331.0;9345.0;23345.0;34241.0
10044;Saarlouis, Landkreis;205129.0;16241.0;15462.0;19228.0;16749.0;32994.0;33157.0;22818.0;24407.0;9658.0;14415.0;35977.0;53133.0
10045;Saarpfalz-Kreis;144092.0;11235.0;10434.0;12764.0;12246.0;22890.0;23153.0;16061.0;17284.0;7369.0;10656.0;25010.0;38740.0
10046;Sankt Wendel, Landkreis;87813.0;6570.0;6412.0;7255.0;6960.0;14064.0;14198.0;10866.0;10852.0;4561.0;6075.0;14215.0;24011.0
11000;Berlin, kreisfreie Stadt;3685265.0;312741.0;296858.0;428016.0;419535.0;644727.0;632386.0;279827.0;307313.0;144948.0;218914.0;847551.0;707418.0
12051;Brandenburg an der Havel, kreisfreie Stadt;74113.0;5552.0;5531.0;6216.0;5618.0;12498.0;11549.0;7727.0;8613.0;4161.0;6648.0;11834.0;20977.0
12052;Cottbus, kreisfreie Stadt;95123.0;7354.0;7137.0;9516.0;8028.0;14798.0;14320.0;9502.0;11542.0;4964.0;7962.0;17544.0;26138.0
12053;Frankfurt (Oder), kreisfreie Stadt;57107.0;4216.0;3977.0;5329.0;4716.0;9031.0;8685.0;6333.0;7112.0;2987.0;4721.0;10045.0;16228.0
12054;Potsdam, kreisfreie Stadt;184754.0;16564.0;15568.0;18575.0;18702.0;32123.0;32799.0;14457.0;16615.0;7509.0;11842.0;37277.0;37970.0
12060;Barnim, Landkreis;194169.0;16551.0;15774.0;13297.0;12348.0;34463.0;34135.0;21544.0;22987.0;9733.0;13337.0;25645.0;50042.0
12061;Dahme-Spreewald, Landkreis;178793.0;15432.0;14551.0;12982.0;11957.0;32078.0;31173.0;19356.0;20014.0;8768.0;12482.0;24939.0;45028.0
12062;Elbe-Elster, Landkreis;97967.0;7398.0;7034.0;5898.0;5015.0;17073.0;15625.0;12702.0;13507.0;5426.0;8289.0;10913.0;30223.0
12063;Havelland, Landkreis;170834.0;14781.0;14275.0;12934.0;11433.0;30401.0;30502.0;18487.0;18965.0;7659.0;11397.0;24367.0;40904.0
12064;Mï¿½rkisch-Oderland, Landkreis;197817.0;17044.0;15821.0;12204.0;11071.0;35287.0;34736.0;23681.0;24830.0;9331.0;13812.0;23275.0;52175.0
12065;Oberhavel, Landkreis;217690.0;18184.0;17461.0;15490.0;13987.0;38966.0;39286.0;24095.0;24791.0;10464.0;14966.0;29477.0;54163.0
12066;Oberspreewald-Lausitz, Landkreis;107793.0;8096.0;7762.0;6983.0;5995.0;18643.0;16977.0;13046.0;14337.0;5946.0;10008.0;12978.0;33089.0
12067;Oder-Spree, Landkreis;179817.0;14493.0;13609.0;12416.0;10301.0;30743.0;30106.0;21384.0;22792.0;9580.0;14393.0;22717.0;51298.0
12068;Ostprignitz-Ruppin, Landkreis;99152.0;7731.0;7158.0;6947.0;6114.0;16805.0;16174.0;12589.0;13075.0;4977.0;7582.0;13061.0;28570.0
12069;Potsdam-Mittelmark, Landkreis;221268.0;19117.0;18499.0;15135.0;12816.0;39696.0;39862.0;25232.0;25822.0;10254.0;14835.0;27951.0;55435.0
12070;Prignitz, Landkreis;75595.0;5523.0;5331.0;5346.0;4341.0;12771.0;11725.0;9748.0;10287.0;4117.0;6406.0;9687.0;22811.0
12071;Spree-Neiï¿½e, Landkreis;109635.0;8282.0;7814.0;6133.0;5271.0;18314.0;17954.0;14888.0;15701.0;6116.0;9162.0;11404.0;34417.0
12072;Teltow-Flï¿½ming, Landkreis;177688.0;15477.0;14882.0;13707.0;11914.0;33138.0;31306.0;18743.0;19138.0;7746.0;11637.0;25621.0;41779.0
12073;Uckermark, Landkreis;117432.0;8999.0;8119.0;7599.0;6660.0;19465.0;18519.0;15154.0;16356.0;6578.0;9983.0;14259.0;36156.0
13001;Greifswald, kreisfreie Stadt (bis 03.09.2011);0.0;0.0;0.0;0.0;0.0;0.0;0.0;0.0;0.0;0.0;0.0;0.0;0.0
13002;Neubrandenburg, kreisfreie Stadt (bis 03.09.2011);0.0;0.0;0.0;0.0;0.0;0.0;0.0;0.0;0.0;0.0;0.0;0.0;0.0
13003;Rostock, kreisfreie Stadt;205307.0;14707.0;13929.0;23106.0;21967.0;33328.0;30657.0;18533.0;21769.0;10430.0;16881.0;45073.0;52797.0
13004;Schwerin, kreisfreie Stadt;98308.0;7676.0;7472.0;8773.0;8173.0;16233.0;15471.0;9480.0;11585.0;5060.0;8385.0;16946.0;27009.0
13005;Stralsund, kreisfreie Stadt (bis 03.09.2011);0.0;0.0;0.0;0.0;0.0;0.0;0.0;0.0;0.0;0.0;0.0;0.0;0.0
13006;Wismar, kreisfreie Stadt (bis 03.09.2011);0.0;0.0;0.0;0.0;0.0;0.0;0.0;0.0;0.0;0.0;0.0;0.0;0.0
13051;Bad Doberan, Landkreis (bis 03.09.2011);0.0;0.0;0.0;0.0;0.0;0.0;0.0;0.0;0.0;0.0;0.0;0.0;0.0
13052;Demmin, Landkreis (bis 03.09.2011);0.0;0.0;0.0;0.0;0.0;0.0;0.0;0.0;0.0;0.0;0.0;0.0;0.0
13053;Gï¿½strow, Landkreis (bis 03.09.2011);0.0;0.0;0.0;0.0;0.0;0.0;0.0;0.0;0.0;0.0;0.0;0.0;0.0
13054;Ludwigslust, Landkreis (bis 03.09.2011);0.0;0.0;0.0;0.0;0.0;0.0;0.0;0.0;0.0;0.0;0.0;0.0;0.0
13055;Mecklenburg-Strelitz, Landkreis (bis 03.09.2011);0.0;0.0;0.0;0.0;0.0;0.0;0.0;0.0;0.0;0.0;0.0;0.0;0.0
13056;Mï¿½ritz, Landkreis (bis 03.09.2011);0.0;0.0;0.0;0.0;0.0;0.0;0.0;0.0;0.0;0.0;0.0;0.0;0.0
13057;Nordvorpommern, Landkreis (bis 03.09.2011);0.0;0.0;0.0;0.0;0.0;0.0;0.0;0.0;0.0;0.0;0.0;0.0;0.0
13058;Nordwestmecklenburg, Landkreis (bis 03.09.2011);0.0;0.0;0.0;0.0;0.0;0.0;0.0;0.0;0.0;0.0;0.0;0.0;0.0
13059;Ostvorpommern, Landkreis (bis 03.09.2011);0.0;0.0;0.0;0.0;0.0;0.0;0.0;0.0;0.0;0.0;0.0;0.0;0.0
13060;Parchim, Landkreis (bis 03.09.2011);0.0;0.0;0.0;0.0;0.0;0.0;0.0;0.0;0.0;0.0;0.0;0.0;0.0
13061;Rï¿½gen, Landkreis (bis 03.09.2011);0.0;0.0;0.0;0.0;0.0;0.0;0.0;0.0;0.0;0.0;0.0;0.0;0.0
13062;Uecker-Randow, Landkreis (bis 03.09.2011);0.0;0.0;0.0;0.0;0.0;0.0;0.0;0.0;0.0;0.0;0.0;0.0;0.0
13071;Mecklenburgische Seenplatte, Landkreis;246318.0;19104.0;18286.0;16223.0;14420.0;40692.0;39481.0;31748.0;34749.0;12209.0;19406.0;30643.0;73587.0
13072;Rostock, Landkreis;218721.0;18706.0;17596.0;13410.0;12137.0;38414.0;37231.0;27043.0;28408.0;10455.0;15321.0;25547.0;59972.0
13073;Vorpommern-Rï¿½gen, Landkreis;215203.0;15860.0;15287.0;14055.0;12834.0;36249.0;35845.0;27343.0;29730.0;10929.0;17071.0;26889.0;63580.0
13074;Nordwestmecklenburg, Landkreis;156692.0;12833.0;12018.0;11063.0;9855.0;27736.0;26718.0;18535.0;19584.0;7374.0;10976.0;20918.0;42071.0
13075;Vorpommern-Greifswald, Landkreis;224956.0;16714.0;16549.0;16615.0;16563.0;36932.0;35230.0;28189.0;30159.0;10999.0;17006.0;33178.0;64926.0
13076;Ludwigslust-Parchim, Landkreis;208092.0;17150.0;16054.0;13168.0;12098.0;36840.0;34776.0;26700.0;27402.0;9706.0;14198.0;25266.0;57385.0
14161;Chemnitz, kreisfreie Stadt (bis 31.07.2008);0.0;0.0;0.0;0.0;0.0;0.0;0.0;0.0;0.0;0.0;0.0;0.0;0.0
14166;Plauen, kreisfreie Stadt (bis 31.07.2008);0.0;0.0;0.0;0.0;0.0;0.0;0.0;0.0;0.0;0.0;0.0;0.0;0.0
14167;Zwickau, kreisfreie Stadt (bis 31.07.2008);0.0;0.0;0.0;0.0;0.0;0.0;0.0;0.0;0.0;0.0;0.0;0.0;0.0
14171;Annaberg, Landkreis (bis 31.07.2008);0.0;0.0;0.0;0.0;0.0;0.0;0.0;0.0;0.0;0.0;0.0;0.0;0.0
14173;Chemnitzer Land, Landkreis (bis 31.07.2008);0.0;0.0;0.0;0.0;0.0;0.0;0.0;0.0;0.0;0.0;0.0;0.0;0.0
14177;Freiberg, Landkreis (bis 31.07.2008);0.0;0.0;0.0;0.0;0.0;0.0;0.0;0.0;0.0;0.0;0.0;0.0;0.0
14178;Vogtlandkreis (bis 31.07.2008);0.0;0.0;0.0;0.0;0.0;0.0;0.0;0.0;0.0;0.0;0.0;0.0;0.0
14181;Mittlerer Erzgebirgskreis (bis 31.07.2008);0.0;0.0;0.0;0.0;0.0;0.0;0.0;0.0;0.0;0.0;0.0;0.0;0.0
14182;Mittweida, Landkreis (bis 31.07.2008);0.0;0.0;0.0;0.0;0.0;0.0;0.0;0.0;0.0;0.0;0.0;0.0;0.0
14188;Stollberg, Landkreis (bis 31.07.2008);0.0;0.0;0.0;0.0;0.0;0.0;0.0;0.0;0.0;0.0;0.0;0.0;0.0
14191;Aue-Schwarzenberg, Landkreis (bis 31.07.2008);0.0;0.0;0.0;0.0;0.0;0.0;0.0;0.0;0.0;0.0;0.0;0.0;0.0
14193;Zwickauer Land, Landkreis (bis 31.07.2008);0.0;0.0;0.0;0.0;0.0;0.0;0.0;0.0;0.0;0.0;0.0;0.0;0.0
14262;Dresden, kreisfreie Stadt (bis 31.07.2008);0.0;0.0;0.0;0.0;0.0;0.0;0.0;0.0;0.0;0.0;0.0;0.0;0.0
14263;Gï¿½rlitz, kreisfreie Stadt (bis 31.07.2008);0.0;0.0;0.0;0.0;0.0;0.0;0.0;0.0;0.0;0.0;0.0;0.0;0.0
14264;Hoyerswerda, kreisfreie Stadt (bis 31.07.2008);0.0;0.0;0.0;0.0;0.0;0.0;0.0;0.0;0.0;0.0;0.0;0.0;0.0
14272;Bautzen, Landkreis (bis 31.07.2008);0.0;0.0;0.0;0.0;0.0;0.0;0.0;0.0;0.0;0.0;0.0;0.0;0.0
14280;Meiï¿½en, Landkreis (bis 31.07.2008);0.0;0.0;0.0;0.0;0.0;0.0;0.0;0.0;0.0;0.0;0.0;0.0;0.0
14284;Niederschlesischer Oberlausitzkreis (b.31.07.2008);0.0;0.0;0.0;0.0;0.0;0.0;0.0;0.0;0.0;0.0;0.0;0.0;0.0
14285;Riesa-Groï¿½enhain, Landkreis (bis 31.07.2008);0.0;0.0;0.0;0.0;0.0;0.0;0.0;0.0;0.0;0.0;0.0;0.0;0.0
14286;Lï¿½bau-Zittau, Landkreis (bis 31.07.2008);0.0;0.0;0.0;0.0;0.0;0.0;0.0;0.0;0.0;0.0;0.0;0.0;0.0
14287;Sï¿½chsische Schweiz, Landkreis (bis 31.07.2008);0.0;0.0;0.0;0.0;0.0;0.0;0.0;0.0;0.0;0.0;0.0;0.0;0.0
14290;Weiï¿½eritzkreis (bis 31.07.2008);0.0;0.0;0.0;0.0;0.0;0.0;0.0;0.0;0.0;0.0;0.0;0.0;0.0
14292;Kamenz, Landkreis (bis 31.07.2008);0.0;0.0;0.0;0.0;0.0;0.0;0.0;0.0;0.0;0.0;0.0;0.0;0.0
14365;Leipzig, kreisfreie Stadt (bis 31.07.2008);0.0;0.0;0.0;0.0;0.0;0.0;0.0;0.0;0.0;0.0;0.0;0.0;0.0
14374;Delitzsch, Landkreis (bis 31.07.2008);0.0;0.0;0.0;0.0;0.0;0.0;0.0;0.0;0.0;0.0;0.0;0.0;0.0
14375;Dï¿½beln, Landkreis (bis 31.07.2008);0.0;0.0;0.0;0.0;0.0;0.0;0.0;0.0;0.0;0.0;0.0;0.0;0.0
14379;Leipziger Land, Landkreis (bis 31.07.2008);0.0;0.0;0.0;0.0;0.0;0.0;0.0;0.0;0.0;0.0;0.0;0.0;0.0
14383;Muldentalkreis (bis 31.07.2008);0.0;0.0;0.0;0.0;0.0;0.0;0.0;0.0;0.0;0.0;0.0;0.0;0.0
14389;Torgau-Oschatz, Landkreis (bis 31.07.2008);0.0;0.0;0.0;0.0;0.0;0.0;0.0;0.0;0.0;0.0;0.0;0.0;0.0
14511;Chemnitz, kreisfreie Stadt;245618.0;20125.0;18956.0;24137.0;20758.0;40072.0;36648.0;22171.0;26308.0;14080.0;22363.0;44895.0;67981.0
14521;Erzgebirgskreis;318394.0;24839.0;24145.0;20776.0;17783.0;53136.0;49239.0;38466.0;42873.0;18527.0;28610.0;38559.0;101700.0
14522;Mittelsachsen, Landkreis;296431.0;24353.0;22219.0;21304.0;17839.0;50105.0;46654.0;34033.0;36686.0;17207.0;26031.0;39143.0;88666.0
14523;Vogtlandkreis;219100.0;16492.0;15550.0;14779.0;12730.0;36940.0;34067.0;25557.0;28620.0;13220.0;21145.0;27509.0;69437.0
14524;Zwickau, Landkreis;306793.0;23791.0;22481.0;22449.0;19030.0;51586.0;47841.0;34427.0;38635.0;18179.0;28374.0;41479.0;93316.0
14612;Dresden, kreisfreie Stadt;564904.0;48597.0;45872.0;66303.0;59840.0;96938.0;89952.0;41381.0;47727.0;27043.0;41251.0;126143.0;123808.0
14625;Bautzen, Landkreis;292608.0;24730.0;23248.0;18415.0;15956.0;50343.0;46861.0;34213.0;37178.0;16557.0;25107.0;34371.0;86523.0
14626;Gï¿½rlitz, Landkreis;243958.0;19162.0;18218.0;15679.0;13844.0;39891.0;37271.0;29701.0;32034.0;15196.0;22962.0;29523.0;77681.0
14627;Meiï¿½en, Landkreis;239221.0;19583.0;19080.0;15179.0;13383.0;41588.0;38902.0;27232.0;29074.0;13851.0;21349.0;28562.0;70239.0
14628;Sï¿½chsische Schweiz-Osterzgebirge, Landkreis;243996.0;20975.0;19833.0;15798.0;14018.0;42549.0;39958.0;26717.0;28510.0;14340.0;21298.0;29816.0;70450.0
14713;Leipzig, kreisfreie Stadt;611850.0;50349.0;47410.0;77320.0;78133.0;107202.0;97201.0;41859.0;47888.0;24852.0;39636.0;155453.0;119846.0
14729;Leipzig, Landkreis;260127.0;22397.0;20392.0;16284.0;15108.0;45975.0;44129.0;29353.0;31314.0;13924.0;21251.0;31392.0;72946.0
14730;Nordsachsen, Landkreis;199422.0;16457.0;15731.0;13786.0;11630.0;35589.0;33166.0;22913.0;24668.0;10035.0;15447.0;25416.0;55174.0
15001;Dessau-Roï¿½lau, kreisfreie Stadt;75402.0;5583.0;5121.0;5384.0;4985.0;11472.0;11537.0;8479.0;9841.0;5140.0;7860.0;10369.0;24686.0
15002;Halle (Saale), kreisfreie Stadt;226767.0;19117.0;16988.0;25833.0;25210.0;35381.0;34020.0;18006.0;22416.0;11254.0;18542.0;51043.0;55561.0
15003;Magdeburg, kreisfreie Stadt;244329.0;19400.0;17331.0;29676.0;24986.0;39463.0;37013.0;20619.0;24497.0;12043.0;19301.0;54662.0;59558.0
15081;Altmarkkreis Salzwedel;79980.0;6541.0;5890.0;5512.0;4682.0;14041.0;13083.0;9920.0;10586.0;3698.0;6027.0;10194.0;22219.0
15082;Anhalt-Bitterfeld, Landkreis;153035.0;11149.0;10821.0;10637.0;8960.0;26606.0;24814.0;18395.0;20242.0;8198.0;13213.0;19597.0;45775.0
15083;Bï¿½rde, Landkreis;167924.0;14015.0;12725.0;11408.0;9607.0;30549.0;28912.0;19935.0;21327.0;7663.0;11783.0;21015.0;45060.0
15084;Burgenlandkreis;173684.0;13306.0;12524.0;11885.0;10290.0;29559.0;27989.0;20724.0;22621.0;9623.0;15163.0;22175.0;52223.0
15085;Harz, Landkreis;205484.0;14526.0;13874.0;14386.0;12173.0;34797.0;33394.0;24781.0;27329.0;11669.0;18555.0;26559.0;63047.0
15086;Jerichower Land, Landkreis;88509.0;6976.0;6657.0;5852.0;4830.0;15471.0;14664.0;11053.0;11531.0;4455.0;7020.0;10682.0;25376.0
15087;Mansfeld-Sï¿½dharz, Landkreis;129029.0;9282.0;8447.0;8387.0;7076.0;21629.0;20069.0;16673.0;17742.0;7691.0;12033.0;15463.0;41558.0
15088;Saalekreis;182451.0;14732.0;14060.0;12543.0;10833.0;32775.0;30782.0;20863.0;22914.0;9335.0;13614.0;23376.0;50454.0
15089;Salzlandkreis;180771.0;13522.0;12619.0;12467.0;11115.0;31649.0;28458.0;21157.0;23864.0;9498.0;16422.0;23582.0;53963.0
15090;Stendal, Landkreis;106538.0;8409.0;7932.0;7366.0;6504.0;17914.0;17170.0;13455.0;14286.0;5288.0;8214.0;13870.0;30527.0
15091;Wittenberg, Landkreis;121694.0;9254.0;8493.0;7909.0;6574.0;20786.0;19324.0;15064.0;16571.0;6826.0;10893.0;14483.0;37664.0
15101;Dessau, kreisfreie Stadt (bis 30.06.2007);0.0;0.0;0.0;0.0;0.0;0.0;0.0;0.0;0.0;0.0;0.0;0.0;0.0
15151;Anhalt-Zerbst, Landkreis (bis 30.06.2007);0.0;0.0;0.0;0.0;0.0;0.0;0.0;0.0;0.0;0.0;0.0;0.0;0.0
15153;Bernburg, Landkreis (bis 30.06.2007);0.0;0.0;0.0;0.0;0.0;0.0;0.0;0.0;0.0;0.0;0.0;0.0;0.0
15154;Bitterfeld, Landkreis (bis 30.06.2007);0.0;0.0;0.0;0.0;0.0;0.0;0.0;0.0;0.0;0.0;0.0;0.0;0.0
15159;Kï¿½then, Landkreis (bis 30.06.2007);0.0;0.0;0.0;0.0;0.0;0.0;0.0;0.0;0.0;0.0;0.0;0.0;0.0
15171;Wittenberg, Landkreis (bis 30.06.2007);0.0;0.0;0.0;0.0;0.0;0.0;0.0;0.0;0.0;0.0;0.0;0.0;0.0
15202;Halle (Saale), kreisfreie Stadt (bis 30.06.2007);0.0;0.0;0.0;0.0;0.0;0.0;0.0;0.0;0.0;0.0;0.0;0.0;0.0
15256;Burgenlandkreis (bis 30.06.2007);0.0;0.0;0.0;0.0;0.0;0.0;0.0;0.0;0.0;0.0;0.0;0.0;0.0
15260;Mansfelder Land, Landkreis (bis 30.06.2007);0.0;0.0;0.0;0.0;0.0;0.0;0.0;0.0;0.0;0.0;0.0;0.0;0.0
15261;Merseburg-Querfurt, Landkreis (bis 30.06.2007);0.0;0.0;0.0;0.0;0.0;0.0;0.0;0.0;0.0;0.0;0.0;0.0;0.0
15265;Saalkreis (bis 30.06.2007);0.0;0.0;0.0;0.0;0.0;0.0;0.0;0.0;0.0;0.0;0.0;0.0;0.0
15266;Sangerhausen, Landkreis (bis 30.06.2007);0.0;0.0;0.0;0.0;0.0;0.0;0.0;0.0;0.0;0.0;0.0;0.0;0.0
15268;Weiï¿½enfels, Landkreis (bis 30.06.2007);0.0;0.0;0.0;0.0;0.0;0.0;0.0;0.0;0.0;0.0;0.0;0.0;0.0
15303;Magdeburg, kreisfreie Stadt (bis 30.06.2007);0.0;0.0;0.0;0.0;0.0;0.0;0.0;0.0;0.0;0.0;0.0;0.0;0.0
15352;Aschersleben-Staï¿½furt, Landkreis (bis 30.06.2007);0.0;0.0;0.0;0.0;0.0;0.0;0.0;0.0;0.0;0.0;0.0;0.0;0.0
15355;Bï¿½rdekreis (bis 30.06.2007);0.0;0.0;0.0;0.0;0.0;0.0;0.0;0.0;0.0;0.0;0.0;0.0;0.0
15357;Halberstadt, Landkreis (bis 30.06.2007);0.0;0.0;0.0;0.0;0.0;0.0;0.0;0.0;0.0;0.0;0.0;0.0;0.0
15358;Jerichower Land, Landkreis (bis 30.06.2007);0.0;0.0;0.0;0.0;0.0;0.0;0.0;0.0;0.0;0.0;0.0;0.0;0.0
15362;Ohrekreis (bis 30.06.2007);0.0;0.0;0.0;0.0;0.0;0.0;0.0;0.0;0.0;0.0;0.0;0.0;0.0
15363;Stendal, Landkreis (bis 30.06.2007);0.0;0.0;0.0;0.0;0.0;0.0;0.0;0.0;0.0;0.0;0.0;0.0;0.0
15364;Quedlinburg, Landkreis (bis 30.06.2007);0.0;0.0;0.0;0.0;0.0;0.0;0.0;0.0;0.0;0.0;0.0;0.0;0.0
15367;Schï¿½nebeck, Landkreis (bis 30.06.2007);0.0;0.0;0.0;0.0;0.0;0.0;0.0;0.0;0.0;0.0;0.0;0.0;0.0
15369;Wernigerode, Landkreis (bis 30.06.2007);0.0;0.0;0.0;0.0;0.0;0.0;0.0;0.0;0.0;0.0;0.0;0.0;0.0
15370;Altmarkkreis Salzwedel (bis 30.06.2007);0.0;0.0;0.0;0.0;0.0;0.0;0.0;0.0;0.0;0.0;0.0;0.0;0.0
16051;Erfurt, kreisfreie Stadt;218793.0;17242.0;16770.0;22736.0;22507.0;37445.0;35166.0;19378.0;22246.0;10035.0;15268.0;45243.0;51312.0
16052;Gera, kreisfreie Stadt;95608.0;7693.0;7120.0;8087.0;6960.0;15285.0;14256.0;10460.0;11803.0;5368.0;8576.0;15047.0;28232.0
16053;Jena, kreisfreie Stadt;109725.0;8635.0;8284.0;14142.0;13480.0;17387.0;16423.0;8226.0;9454.0;5408.0;8286.0;27622.0;25053.0
16054;Suhl, kreisfreie Stadt;34685.0;2200.0;2130.0;2488.0;2086.0;5508.0;5092.0;4224.0;4978.0;2441.0;3538.0;4574.0;11984.0
16055;Weimar, kreisfreie Stadt;65954.0;5337.0;5192.0;6489.0;6676.0;10606.0;10653.0;5755.0;6725.0;3388.0;5133.0;13165.0;16294.0
16056;Eisenach, kreisfreie Stadt (bis 30.06.2021);0.0;0.0;0.0;0.0;0.0;0.0;0.0;0.0;0.0;0.0;0.0;0.0;0.0
16061;Eichsfeld, Landkreis;103694.0;9044.0;8710.0;7483.0;6532.0;18336.0;16944.0;11941.0;12073.0;5149.0;7482.0;14015.0;27871.0
16062;Nordhausen, Landkreis;80762.0;6342.0;5978.0;6306.0;5240.0;13540.0;12818.0;9192.0;9956.0;4472.0;6918.0;11546.0;23402.0
16063;Wartburgkreis;154957.0;12320.0;11465.0;11246.0;9652.0;26964.0;25130.0;18326.0;19370.0;8097.0;12387.0;20898.0;44056.0
16064;Unstrut-Hainich-Kreis;94613.0;8109.0;7263.0;7077.0;5979.0;16087.0;15231.0;10961.0;11907.0;4694.0;7305.0;13056.0;26498.0
16065;Kyffhï¿½userkreis;71738.0;5522.0;5029.0;5030.0;4030.0;12391.0;11237.0;8889.0;9830.0;3829.0;5951.0;9060.0;21753.0
16066;Schmalkalden-Meiningen, Landkreis;120214.0;9029.0;8485.0;9285.0;7303.0;20688.0;19046.0;14511.0;15712.0;6449.0;9706.0;16588.0;35181.0
16067;Gotha, Landkreis;135838.0;10495.0;10424.0;10757.0;8909.0;24006.0;22486.0;15050.0;16353.0;6977.0;10381.0;19666.0;36981.0
16068;Sï¿½mmerda, Landkreis;67693.0;5788.0;4976.0;4691.0;4127.0;12167.0;11221.0;7913.0;8804.0;3227.0;4779.0;8818.0;18711.0
16069;Hildburghausen, Landkreis;59987.0;4614.0;4435.0;4080.0;3332.0;11035.0;9912.0;7475.0;7861.0;2856.0;4387.0;7412.0;16876.0
16070;Ilm-Kreis;106657.0;8343.0;7729.0;9841.0;7036.0;18524.0;16851.0;11576.0;12734.0;5575.0;8448.0;16877.0;29398.0
16071;Weimarer Land, Landkreis;82392.0;7283.0;6912.0;5614.0;5045.0;14399.0;13927.0;9524.0;10107.0;3977.0;5604.0;10659.0;22013.0
16072;Sonneberg, Landkreis;54964.0;3973.0;3499.0;3830.0;3463.0;9589.0;8780.0;6740.0;7359.0;2974.0;4757.0;7293.0;16634.0
16073;Saalfeld-Rudolstadt, Landkreis;100105.0;7308.0;7022.0;6762.0;5472.0;17003.0;15610.0;12411.0;13520.0;5719.0;9278.0;12234.0;31382.0
16074;Saale-Holzland-Kreis;83342.0;6475.0;6437.0;5758.0;5066.0;14728.0;13554.0;9804.0;10448.0;4578.0;6494.0;10824.0;23883.0
16075;Saale-Orla-Kreis;77341.0;5900.0;5750.0;5231.0;4393.0;13463.0;12388.0;9730.0;10224.0;4046.0;6216.0;9624.0;22907.0
16076;Greiz, Landkreis;93707.0;7134.0;6474.0;5860.0;4636.0;15624.0;14628.0;12165.0;13078.0;5538.0;8570.0;10496.0;30323.0
16077;Altenburger Land, Landkreis;87508.0;6244.0;6229.0;5637.0;4992.0;14677.0;13695.0;10474.0;11773.0;5416.0;8371.0;10629.0;28260.0
00nan;nan;0.0;0.0;0.0;0.0;0.0;0.0;0.0;0.0;0.0;0.0;0.0;0.0;0.0
00nan;nan;0.0;0.0;0.0;0.0;0.0;0.0;0.0;0.0;0.0;0.0;0.0;0.0;0.0
00nan;nan;0.0;0.0;0.0;0.0;0.0;0.0;0.0;0.0;0.0;0.0;0.0;0.0;0.0
00nan;nan;0.0;0.0;0.0;0.0;0.0;0.0;0.0;0.0;0.0;0.0;0.0;0.0;0.0
00nan;nan;0.0;0.0;0.0;0.0;0.0;0.0;0.0;0.0;0.0;0.0;0.0;0.0;0.0
00nan;nan;0.0;0.0;0.0;0.0;0.0;0.0;0.0;0.0;0.0;0.0;0.0;0.0;0.0
00nan;nan;0.0;0.0;0.0;0.0;0.0;0.0;0.0;0.0;0.0;0.0;0.0;0.0;0.0
00nan;nan;0.0;0.0;0.0;0.0;0.0;0.0;0.0;0.0;0.0;0.0;0.0;0.0;0.0
00nan;nan;0.0;0.0;0.0;0.0;0.0;0.0;0.0;0.0;0.0;0.0;0.0;0.0;0.0
00nan;nan;0.0;0.0;0.0;0.0;0.0;0.0;0.0;0.0;0.0;0.0;0.0;0.0;0.0
00nan;nan;0.0;0.0;0.0;0.0;0.0;0.0;0.0;0.0;0.0;0.0;0.0;0.0;0.0
00nan;nan;0.0;0.0;0.0;0.0;0.0;0.0;0.0;0.0;0.0;0.0;0.0;0.0;0.0
00nan;nan;0.0;0.0;0.0;0.0;0.0;0.0;0.0;0.0;0.0;0.0;0.0;0.0;0.0
00nan;nan;0.0;0.0;0.0;0.0;0.0;0.0;0.0;0.0;0.0;0.0;0.0;0.0;0.0
00nan;nan;0.0;0.0;0.0;0.0;0.0;0.0;0.0;0.0;0.0;0.0;0.0;0.0;0.0
00nan;nan;0.0;0.0;0.0;0.0;0.0;0.0;0.0;0.0;0.0;0.0;0.0;0.0;0.0
