7   Arbeitnehmerentgelt je Arbeitsstunde der Arbeitnehmerinnen und Arbeitnehmer (Inlandskonzept) insgesamt;;;;;;;;;;;;;;;;;;;;;;;;;;;;;;;
;;;;;;;;;;;;;;;;;;;;;;;;;;;;;;;
in EUR;;;;;;;;;;;;;;;;;;;;;;;;;;;;;;;
;;;;;;;Zurück zum Inhaltsverzeichnis;;;;;;;;;;;;;;;;;;;;;;;;
Lfd. Nr.;EU-Code;Regional-schlüssel;Land;NUTS 1;NUTS 2;NUTS 3;Gebietseinheit;2000;2001;2002;2003;2004;2005;2006;2007;2008;2009;2010;2011;2012;2013;2014;2015;2016;2017;2018;2019;2020;2021;2022;2023
;;;;;;;;;;;;;;;;;;;;;;;;;;;;;;;
1;DE1;08;BW;1;;;Baden-Württemberg; 25,33; 25,91; 26,32; 26,96; 27,09; 27,40; 27,50; 27,66; 28,04; 29,20; 29,54; 30,27; 31,51; 32,21; 32,83; 33,65; 34,57; 35,64; 36,52; 37,85; 39,43; 39,75; 41,13; 43,45
2;DE11;081;BW;;2;;Stuttgart, Regierungsbezirk; 26,64; 27,26; 27,74; 28,46; 28,61; 28,90; 29,17; 29,40; 29,78; 30,82; 31,29; 32,18; 33,43; 34,26; 34,95; 35,96; 36,99; 38,21; 39,17; 40,51; 42,06; 42,37; 43,73; 46,29
3;DE111;08111;BW;;;3;Stuttgart, Landeshauptstadt, Stadtkreis; 29,59; 30,39; 31,07; 32,02; 32,20; 32,79; 33,16; 33,78; 34,21; 35,28; 35,78; 37,00; 38,38; 38,93; 39,91; 41,21; 42,04; 43,83; 44,81; 46,10; 48,05; 48,33; 49,65; 51,99
4;DE112;08115;BW;;;3;Böblingen, Landkreis; 28,58; 29,40; 30,02; 31,10; 31,42; 31,44; 33,31; 32,43; 32,84; 33,40; 34,35; 35,65; 37,07; 38,58; 39,32; 40,69; 42,51; 44,07; 44,60; 46,55; 47,95; 47,92; 49,18; 52,53
5;DE113;08116;BW;;;3;Esslingen, Landkreis; 26,89; 27,27; 27,65; 28,32; 28,42; 28,71; 28,79; 29,07; 29,37; 30,36; 30,82; 31,30; 32,40; 33,53; 34,27; 35,14; 36,18; 36,93; 37,94; 39,08; 40,28; 41,06; 42,82; 45,90
6;DE114;08117;BW;;;3;Göppingen, Landkreis; 24,87; 25,34; 25,62; 26,32; 26,27; 26,19; 26,24; 26,56; 26,28; 27,75; 27,96; 28,56; 29,88; 30,70; 31,34; 32,11; 32,95; 34,08; 34,66; 35,74; 36,49; 37,06; 38,13; 39,98
7;DE115;08118;BW;;;3;Ludwigsburg, Landkreis; 26,01; 26,53; 27,15; 27,81; 27,97; 28,33; 28,31; 28,56; 29,56; 30,60; 31,19; 32,06; 33,43; 34,25; 34,68; 35,68; 36,95; 37,81; 38,98; 40,55; 41,48; 42,02; 43,25; 46,19
8;DE116;08119;BW;;;3;Rems-Murr-Kreis; 25,02; 25,52; 25,77; 26,22; 26,35; 26,53; 26,53; 26,76; 26,79; 27,82; 28,16; 28,87; 30,04; 30,62; 30,98; 31,61; 32,51; 33,57; 34,51; 35,64; 37,05; 37,27; 38,43; 40,59
9;DE117;08121;BW;;;3;Heilbronn, Stadtkreis; 24,06; 24,35; 24,91; 25,57; 25,51; 25,47; 25,16; 25,59; 25,35; 26,81; 26,98; 27,65; 28,85; 29,22; 30,17; 31,47; 32,00; 33,22; 35,07; 36,33; 37,99; 38,50; 39,66; 41,83
10;DE118;08125;BW;;;3;Heilbronn, Landkreis; 25,91; 26,53; 26,88; 27,27; 27,48; 27,96; 27,88; 28,16; 29,54; 30,37; 31,11; 32,21; 33,53; 34,29; 35,17; 36,36; 37,41; 38,41; 39,09; 40,33; 42,12; 42,04; 43,57; 46,38
11;DE119;08126;BW;;;3;Hohenlohekreis; 24,38; 24,94; 25,10; 25,75; 25,88; 26,22; 26,36; 26,57; 26,99; 27,86; 28,51; 29,34; 30,23; 30,99; 31,69; 32,57; 33,68; 34,92; 35,56; 36,79; 38,88; 39,20; 40,36; 42,65
12;DE11A;08127;BW;;;3;Schwäbisch Hall, Landkreis; 23,68; 24,15; 24,52; 24,54; 24,71; 24,90; 24,89; 24,96; 24,99; 26,07; 26,26; 26,96; 28,04; 28,81; 29,48; 29,88; 30,78; 31,77; 32,75; 33,98; 35,79; 35,79; 37,44; 39,46
13;DE11B;08128;BW;;;3;Main-Tauber-Kreis; 22,84; 23,25; 23,40; 23,90; 24,04; 24,22; 24,34; 24,36; 24,63; 25,90; 26,04; 26,70; 27,68; 28,43; 28,76; 29,44; 30,05; 31,18; 32,31; 33,45; 35,17; 35,51; 37,14; 39,11
14;DE11C;08135;BW;;;3;Heidenheim, Landkreis; 25,48; 26,35; 26,74; 27,16; 27,59; 27,87; 28,08; 28,12; 28,30; 29,50; 30,00; 30,69; 31,15; 32,44; 32,84; 33,64; 34,56; 35,29; 36,25; 37,10; 39,07; 39,09; 40,27; 42,01
15;DE11D;08136;BW;;;3;Ostalbkreis; 24,53; 25,08; 25,41; 26,14; 26,23; 26,37; 26,55; 27,33; 27,55; 28,67; 29,06; 29,88; 31,12; 32,01; 32,65; 33,25; 34,28; 35,43; 36,63; 38,03; 39,77; 39,99; 41,30; 43,79
16;DE12;082;BW;;2;;Karlsruhe, Regierungsbezirk; 25,45; 25,95; 26,30; 26,91; 27,08; 27,46; 27,41; 27,53; 28,05; 29,32; 29,58; 30,21; 31,54; 32,09; 32,72; 33,42; 34,26; 35,32; 36,07; 37,49; 39,16; 39,50; 40,84; 43,10
17;DE121;08211;BW;;;3;Baden-Baden, Stadtkreis; 24,40; 24,88; 25,36; 26,10; 26,41; 27,09; 26,73; 26,26; 26,73; 28,97; 28,84; 29,01; 31,04; 31,22; 31,62; 32,50; 32,49; 33,26; 34,56; 36,07; 37,86; 38,60; 39,48; 41,32
18;DE122;08212;BW;;;3;Karlsruhe, Stadtkreis; 26,41; 26,85; 27,15; 27,73; 27,89; 28,29; 28,19; 28,28; 29,09; 30,66; 30,99; 31,53; 32,93; 33,61; 34,47; 35,48; 36,47; 37,48; 38,44; 39,91; 42,21; 42,76; 43,98; 46,50
19;DE123;08215;BW;;;3;Karlsruhe, Landkreis; 24,85; 25,33; 25,80; 26,56; 26,68; 27,04; 27,14; 27,37; 27,46; 28,47; 28,65; 29,07; 30,22; 30,85; 31,62; 32,17; 32,99; 33,99; 34,51; 35,74; 37,61; 37,54; 38,50; 40,58
20;DE124;08216;BW;;;3;Rastatt, Landkreis; 25,79; 26,37; 26,58; 27,18; 27,62; 28,12; 28,48; 28,41; 28,83; 29,67; 29,76; 30,87; 32,03; 32,99; 33,80; 34,24; 35,08; 35,99; 36,77; 39,03; 39,40; 39,28; 40,98; 42,95
21;DE125;08221;BW;;;3;Heidelberg, Stadtkreis; 26,03; 26,48; 26,89; 27,44; 27,50; 27,66; 27,52; 27,50; 28,76; 30,11; 30,58; 31,17; 32,45; 33,08; 33,66; 34,56; 35,25; 36,30; 37,16; 38,52; 41,10; 41,68; 43,04; 45,53
22;DE126;08222;BW;;;3;Mannheim, Universitätsstadt, Stadtkreis; 27,36; 27,92; 28,48; 29,13; 29,23; 29,71; 29,42; 29,67; 30,48; 32,02; 32,26; 32,87; 34,51; 34,72; 35,45; 36,34; 37,13; 38,61; 38,86; 40,21; 42,02; 42,11; 43,41; 45,85
23;DE127;08225;BW;;;3;Neckar-Odenwald-Kreis; 22,50; 22,82; 23,17; 23,57; 23,73; 23,79; 23,69; 23,63; 23,67; 24,81; 25,04; 25,72; 26,76; 27,38; 27,83; 28,36; 29,03; 29,82; 30,51; 31,82; 33,03; 33,62; 35,00; 36,74
24;DE128;08226;BW;;;3;Rhein-Neckar-Kreis; 25,65; 26,29; 26,56; 27,19; 27,46; 27,83; 27,74; 28,03; 28,57; 29,58; 29,92; 30,68; 32,04; 32,47; 32,80; 33,56; 34,51; 35,51; 36,57; 38,06; 39,68; 40,19; 41,84; 44,35
25;DE129;08231;BW;;;3;Pforzheim, Stadtkreis; 24,18; 24,49; 24,82; 25,39; 25,47; 25,90; 25,69; 25,62; 25,84; 27,08; 27,28; 27,72; 28,80; 29,20; 29,46; 29,75; 30,58; 31,59; 32,42; 33,82; 35,06; 35,61; 37,04; 39,03
26;DE12A;08235;BW;;;3;Calw, Landkreis; 22,39; 22,91; 23,17; 23,74; 23,93; 24,06; 24,11; 24,24; 24,80; 25,76; 26,09; 26,90; 27,88; 28,67; 29,05; 29,56; 30,44; 31,32; 32,00; 33,51; 35,17; 35,30; 36,65; 38,06
27;DE12B;08236;BW;;;3;Enzkreis; 24,21; 24,69; 24,73; 25,35; 25,59; 25,97; 26,07; 26,22; 26,38; 27,24; 27,58; 28,26; 29,55; 30,20; 30,84; 31,30; 32,07; 33,08; 33,87; 34,94; 35,84; 36,54; 37,94; 40,09
28;DE12C;08237;BW;;;3;Freudenstadt, Landkreis; 23,60; 24,05; 24,09; 24,58; 24,67; 25,05; 25,42; 25,59; 25,43; 26,64; 26,93; 27,72; 28,68; 29,40; 29,93; 30,22; 31,33; 32,59; 33,58; 34,72; 35,66; 36,09; 37,45; 39,42
29;DE13;083;BW;;2;;Freiburg, Regierungsbezirk; 23,58; 24,10; 24,41; 24,95; 25,03; 25,26; 25,28; 25,41; 25,55; 26,73; 26,99; 27,59; 28,69; 29,30; 29,86; 30,49; 31,29; 32,21; 33,08; 34,30; 35,88; 36,14; 37,59; 39,55
30;DE131;08311;BW;;;3;Freiburg im Breisgau, Stadtkreis; 24,29; 24,91; 25,35; 25,95; 26,04; 26,19; 25,95; 26,02; 26,54; 27,88; 28,13; 28,65; 29,78; 30,30; 30,94; 31,78; 32,67; 33,60; 34,39; 35,90; 38,19; 38,56; 39,82; 41,62
31;DE132;08315;BW;;;3;Breisgau-Hochschwarzwald, Landkreis; 21,82; 22,36; 22,72; 23,33; 23,42; 23,27; 23,24; 23,35; 23,61; 24,69; 24,92; 25,59; 26,42; 27,11; 27,62; 28,19; 29,26; 30,21; 31,01; 32,28; 33,89; 34,33; 35,61; 37,61
32;DE133;08316;BW;;;3;Emmendingen, Landkreis; 22,85; 23,45; 24,01; 24,31; 24,38; 24,32; 24,50; 24,69; 24,87; 25,84; 26,25; 27,01; 27,91; 28,68; 29,07; 29,91; 30,65; 31,65; 32,78; 33,47; 35,05; 35,30; 36,91; 39,06
33;DE134;08317;BW;;;3;Ortenaukreis; 23,09; 23,54; 23,80; 24,43; 24,53; 24,85; 24,91; 24,96; 25,01; 26,10; 26,39; 27,07; 28,20; 28,82; 29,37; 29,85; 30,68; 31,44; 32,26; 33,46; 34,88; 35,13; 36,44; 38,28
34;DE135;08325;BW;;;3;Rottweil, Landkreis; 24,11; 24,79; 25,01; 25,73; 25,84; 26,13; 26,27; 26,51; 26,35; 27,32; 27,62; 28,25; 29,23; 29,88; 30,42; 31,11; 31,89; 32,79; 33,81; 34,95; 35,89; 35,65; 37,35; 39,63
35;DE136;08326;BW;;;3;Schwarzwald-Baar-Kreis; 23,25; 23,81; 24,16; 24,71; 24,83; 25,06; 24,99; 25,11; 25,79; 27,15; 27,32; 28,05; 28,97; 29,68; 30,33; 31,01; 31,76; 32,51; 33,46; 34,69; 35,96; 36,44; 37,78; 39,84
36;DE137;08327;BW;;;3;Tuttlingen, Landkreis; 24,29; 25,02; 25,27; 25,86; 25,97; 26,50; 26,86; 27,15; 27,09; 28,49; 28,67; 29,18; 30,69; 31,23; 32,11; 32,58; 33,63; 34,82; 35,99; 37,04; 37,83; 37,99; 40,10; 42,67
37;DE138;08335;BW;;;3;Konstanz, Landkreis; 24,55; 25,17; 25,33; 25,71; 25,82; 26,00; 26,01; 26,19; 26,01; 27,15; 27,42; 27,80; 28,96; 29,55; 29,90; 30,56; 31,24; 32,36; 33,04; 34,41; 36,41; 36,53; 38,00; 39,92
38;DE139;08336;BW;;;3;Lörrach, Landkreis; 24,34; 24,50; 24,72; 25,19; 25,11; 25,52; 25,52; 25,65; 25,89; 27,12; 27,45; 28,10; 29,25; 29,70; 30,27; 30,97; 31,33; 32,48; 33,39; 34,39; 36,08; 36,40; 37,96; 39,57
39;DE13A;08337;BW;;;3;Waldshut, Landkreis; 23,12; 23,50; 23,84; 24,16; 24,17; 24,44; 24,50; 24,65; 24,15; 25,33; 25,41; 25,85; 27,17; 27,87; 28,23; 28,78; 29,63; 30,04; 30,90; 32,24; 33,72; 33,94; 35,28; 37,07
40;DE14;084;BW;;2;;Tübingen, Regierungsbezirk; 23,97; 24,63; 25,11; 25,68; 25,76; 26,09; 26,13; 26,32; 26,73; 27,98; 28,30; 28,98; 30,20; 30,90; 31,43; 32,17; 33,07; 34,00; 34,90; 36,17; 37,71; 38,15; 39,51; 41,76
41;DE141;08415;BW;;;3;Reutlingen, Landkreis; 23,80; 24,35; 25,04; 25,73; 25,91; 26,14; 26,10; 26,46; 26,83; 27,84; 27,88; 28,57; 29,74; 30,63; 31,30; 31,85; 32,73; 33,73; 34,55; 35,96; 36,88; 37,71; 39,18; 41,35
42;DE142;08416;BW;;;3;Tübingen, Landkreis; 23,83; 24,63; 25,00; 25,58; 25,69; 25,87; 25,73; 25,80; 26,02; 27,33; 27,54; 28,23; 29,61; 30,29; 30,75; 31,70; 32,67; 33,71; 34,62; 35,88; 37,42; 38,02; 39,82; 42,01
43;DE143;08417;BW;;;3;Zollernalbkreis; 23,22; 23,85; 24,23; 24,51; 24,84; 25,16; 25,45; 25,78; 25,49; 26,61; 26,76; 27,49; 28,57; 29,25; 29,80; 30,39; 31,17; 31,92; 32,88; 33,98; 35,09; 35,35; 36,80; 38,77
44;DE144;08421;BW;;;3;Ulm, Universitätsstadt, Stadtkreis; 25,08; 25,55; 26,16; 26,59; 26,66; 27,20; 27,13; 27,04; 28,60; 30,13; 30,56; 30,79; 31,99; 32,88; 33,34; 34,25; 35,07; 36,38; 37,47; 38,74; 40,73; 41,04; 42,28; 44,68
45;DE145;08425;BW;;;3;Alb-Donau-Kreis; 23,88; 24,56; 24,84; 25,28; 25,50; 25,91; 25,80; 25,92; 25,77; 26,78; 27,31; 28,06; 29,10; 29,60; 30,04; 30,55; 31,52; 32,21; 32,66; 33,85; 35,62; 35,32; 36,28; 38,25
46;DE146;08426;BW;;;3;Biberach, Landkreis; 23,98; 24,78; 25,13; 26,17; 26,34; 26,59; 26,91; 27,14; 28,17; 29,69; 29,94; 30,62; 32,32; 32,69; 33,29; 34,09; 34,99; 36,23; 36,85; 38,28; 40,30; 41,07; 42,59; 44,96
47;DE147;08435;BW;;;3;Bodenseekreis; 26,25; 27,31; 27,99; 28,44; 27,97; 28,48; 28,54; 29,08; 29,16; 30,47; 31,04; 32,27; 33,34; 34,30; 35,00; 35,98; 37,34; 37,84; 38,99; 40,59; 41,60; 42,16; 42,85; 45,79
48;DE148;08436;BW;;;3;Ravensburg, Landkreis; 22,86; 23,39; 23,79; 24,40; 24,49; 24,77; 24,70; 24,63; 24,47; 25,68; 26,11; 26,64; 27,81; 28,29; 28,77; 29,59; 30,26; 31,05; 32,05; 33,07; 35,14; 35,43; 36,99; 39,00
49;DE149;08437;BW;;;3;Sigmaringen, Landkreis; 22,62; 22,97; 23,22; 23,66; 23,82; 24,03; 24,26; 24,39; 25,29; 26,45; 26,80; 27,36; 28,44; 28,98; 29,34; 29,77; 30,58; 31,50; 32,39; 33,37; 34,86; 35,06; 36,40; 38,28
50;DE2;09;BY;1;;;Bayern; 24,75; 25,29; 25,74; 26,33; 26,47; 26,79; 26,66; 26,94; 27,62; 28,50; 28,84; 29,70; 30,93; 31,59; 32,37; 33,16; 34,21; 35,27; 36,13; 37,47; 38,83; 39,24; 41,40; 43,77
51;DE21;091;BY;;2;;Oberbayern, Regierungsbezirk; 26,06; 26,60; 27,16; 27,67; 27,83; 28,18; 28,06; 28,40; 30,54; 31,42; 31,91; 32,80; 34,28; 35,03; 35,81; 37,06; 37,94; 39,01; 39,92; 41,41; 43,07; 43,53; 46,00; 48,63
52;DE211;09161;BY;;;3;Ingolstadt, Kreisfreie Stadt; 28,53; 29,40; 30,55; 30,56; 30,34; 30,93; 31,03; 32,13; 33,39; 35,01; 34,94; 37,27; 37,68; 41,90; 42,32; 54,64; 44,94; 45,76; 47,59; 48,97; 50,69; 49,27; 54,01; 57,01
53;DE212;09162;BY;;;3;München, Landeshauptstadt, Kreisfreie Stadt; 27,74; 28,29; 29,11; 29,48; 29,83; 30,24; 29,93; 30,25; 33,71; 34,39; 34,96; 35,84; 37,56; 38,23; 39,21; 40,09; 41,83; 42,86; 43,88; 45,62; 47,67; 48,35; 51,10; 53,97
54;DE213;09163;BY;;;3;Rosenheim, Kreisfreie Stadt; 24,08; 24,22; 25,31; 25,68; 25,98; 26,41; 26,28; 26,51; 26,16; 26,67; 26,96; 27,79; 28,65; 29,21; 30,66; 31,73; 32,46; 33,28; 33,97; 35,90; 36,57; 37,06; 39,12; 41,46
55;DE214;09171;BY;;;3;Altötting, Landkreis; 26,21; 26,85; 26,81; 28,03; 27,71; 28,75; 29,05; 30,30; 29,71; 30,62; 31,18; 32,58; 33,76; 33,03; 34,58; 34,44; 35,35; 37,10; 38,49; 39,99; 41,19; 42,48; 45,35; 47,87
56;DE215;09172;BY;;;3;Berchtesgadener Land, Landkreis; 22,47; 22,91; 23,38; 23,64; 23,82; 24,05; 23,81; 23,80; 23,28; 24,12; 24,21; 25,22; 26,61; 26,96; 27,52; 27,95; 29,15; 30,12; 31,24; 32,59; 33,93; 34,53; 36,32; 38,39
57;DE216;09173;BY;;;3;Bad Tölz-Wolfratshausen, Landkreis; 23,88; 24,31; 24,69; 25,24; 25,03; 25,26; 24,50; 24,80; 24,60; 25,48; 25,60; 26,34; 27,33; 28,20; 28,80; 29,74; 30,35; 31,47; 32,08; 33,28; 34,85; 35,55; 37,09; 39,00
58;DE217;09174;BY;;;3;Dachau, Landkreis; 24,88; 25,42; 25,65; 26,26; 26,18; 26,16; 25,83; 25,97; 25,62; 26,40; 26,23; 26,92; 27,77; 28,14; 29,14; 29,11; 30,91; 32,16; 32,69; 32,89; 33,83; 34,38; 36,34; 38,52
59;DE218;09175;BY;;;3;Ebersberg, Landkreis; 25,02; 25,28; 25,90; 26,26; 26,04; 26,23; 26,14; 26,13; 27,66; 28,38; 28,40; 29,08; 29,47; 29,67; 30,66; 31,01; 31,70; 32,76; 33,62; 34,87; 36,51; 37,16; 38,72; 41,35
60;DE219;09176;BY;;;3;Eichstätt, Landkreis; 22,94; 23,37; 23,75; 24,35; 24,34; 24,55; 24,36; 24,37; 24,14; 25,05; 25,49; 26,31; 27,32; 27,84; 28,81; 29,40; 30,48; 31,83; 32,93; 34,32; 35,72; 35,79; 37,86; 40,07
61;DE21A;09177;BY;;;3;Erding, Landkreis; 23,44; 24,05; 24,37; 24,84; 24,92; 25,13; 24,92; 25,05; 24,98; 26,21; 26,71; 27,45; 28,75; 29,01; 28,88; 29,00; 30,07; 30,78; 31,61; 32,66; 33,64; 33,93; 36,11; 38,28
62;DE21B;09178;BY;;;3;Freising, Landkreis; 24,12; 24,35; 24,56; 25,04; 24,98; 25,42; 25,25; 25,62; 30,70; 31,87; 32,30; 32,71; 34,31; 34,36; 34,74; 35,22; 36,92; 37,72; 38,48; 39,89; 40,38; 39,82; 41,99; 45,20
63;DE21C;09179;BY;;;3;Fürstenfeldbruck, Landkreis; 24,84; 25,37; 26,03; 26,41; 26,22; 26,48; 26,12; 26,24; 26,70; 28,21; 28,68; 29,33; 30,59; 30,89; 31,24; 31,49; 32,84; 33,46; 33,89; 35,21; 36,48; 36,86; 38,84; 41,30
64;DE21D;09180;BY;;;3;Garmisch-Partenkirchen, Landkreis; 21,16; 21,60; 22,47; 22,44; 22,50; 22,53; 22,50; 22,61; 22,89; 23,83; 23,92; 25,00; 26,16; 26,62; 27,23; 27,77; 28,93; 29,96; 30,70; 31,91; 33,30; 33,89; 35,41; 37,49
65;DE21E;09181;BY;;;3;Landsberg am Lech, Landkreis; 24,08; 24,75; 25,15; 25,70; 26,00; 26,39; 26,33; 26,40; 25,52; 26,44; 26,71; 27,95; 29,37; 30,02; 30,45; 31,82; 32,52; 33,72; 34,46; 35,66; 36,76; 37,67; 39,89; 42,27
66;DE21F;09182;BY;;;3;Miesbach, Landkreis; 22,95; 22,98; 23,80; 24,03; 24,02; 24,12; 23,99; 24,10; 25,31; 26,29; 25,99; 26,68; 27,49; 28,41; 29,12; 29,23; 30,63; 32,27; 32,74; 34,03; 35,67; 36,19; 37,98; 40,07
67;DE21G;09183;BY;;;3;Mühldorf a.Inn, Landkreis; 23,49; 23,93; 24,30; 24,87; 24,92; 25,04; 24,95; 24,98; 24,10; 24,89; 25,23; 26,01; 27,26; 27,87; 28,58; 29,36; 30,11; 31,12; 31,55; 32,85; 34,08; 34,21; 35,95; 37,91
68;DE21H;09184;BY;;;3;München, Landkreis; 26,87; 27,41; 28,10; 28,76; 28,89; 29,09; 29,82; 30,43; 35,00; 36,17; 36,78; 37,19; 39,61; 40,18; 40,44; 41,43; 42,78; 43,86; 44,44; 45,90; 47,81; 48,42; 50,83; 53,32
69;DE21I;09185;BY;;;3;Neuburg-Schrobenhausen, Landkreis; 23,57; 24,33; 24,75; 25,33; 25,48; 25,83; 25,27; 25,56; 24,65; 25,59; 25,81; 26,15; 27,49; 27,86; 28,55; 29,05; 29,43; 30,83; 31,76; 33,00; 34,21; 34,56; 36,42; 38,61
70;DE21J;09186;BY;;;3;Pfaffenhofen a.d.Ilm, Landkreis; 24,49; 24,86; 25,49; 25,96; 26,01; 26,48; 26,56; 26,67; 26,21; 26,80; 31,74; 33,04; 34,73; 35,30; 36,19; 35,84; 36,45; 37,18; 37,78; 38,37; 40,22; 39,72; 40,94; 42,63
71;DE21K;09187;BY;;;3;Rosenheim, Landkreis; 22,77; 23,24; 23,54; 24,26; 24,33; 24,57; 24,35; 24,50; 24,64; 25,48; 25,93; 26,89; 27,88; 28,15; 28,85; 29,06; 30,37; 31,56; 32,37; 33,57; 35,08; 35,28; 37,25; 39,25
72;DE21L;09188;BY;;;3;Starnberg, Landkreis; 25,76; 26,22; 26,66; 26,57; 26,49; 26,82; 27,24; 27,46; 28,86; 29,36; 29,44; 30,50; 31,85; 32,81; 33,75; 34,73; 36,43; 38,22; 38,83; 40,64; 42,35; 43,42; 45,01; 48,15
73;DE21M;09189;BY;;;3;Traunstein, Landkreis; 23,75; 24,18; 24,51; 25,20; 25,37; 25,70; 25,53; 25,65; 25,55; 27,02; 27,42; 27,94; 28,72; 29,64; 30,77; 30,74; 32,12; 33,40; 34,18; 35,10; 36,29; 36,96; 38,80; 40,70
74;DE21N;09190;BY;;;3;Weilheim-Schongau, Landkreis; 24,42; 25,51; 25,61; 26,35; 26,64; 26,90; 27,09; 27,48; 27,04; 28,11; 28,39; 29,46; 30,47; 31,16; 32,15; 32,28; 33,47; 34,17; 35,11; 36,71; 37,83; 38,29; 40,32; 42,93
75;DE22;092;BY;;2;;Niederbayern, Regierungsbezirk; 23,27; 23,75; 24,32; 25,01; 25,09; 25,47; 25,24; 25,41; 24,83; 25,43; 25,71; 26,70; 27,56; 28,24; 28,80; 29,51; 30,43; 31,37; 32,23; 33,47; 34,48; 34,80; 36,84; 39,10
76;DE221;09261;BY;;;3;Landshut, Kreisfreie Stadt; 24,80; 25,57; 26,19; 27,07; 27,07; 27,60; 26,94; 27,16; 26,90; 27,76; 27,64; 28,19; 28,96; 29,53; 30,57; 30,75; 32,71; 33,37; 34,31; 35,76; 36,27; 36,10; 38,27; 40,52
77;DE222;09262;BY;;;3;Passau, Kreisfreie Stadt; 23,99; 24,40; 24,74; 25,49; 25,64; 25,59; 25,36; 25,74; 25,77; 26,36; 26,72; 27,86; 28,53; 29,39; 30,29; 31,48; 31,63; 32,52; 33,74; 35,29; 36,37; 37,12; 39,08; 41,12
78;DE223;09263;BY;;;3;Straubing, Kreisfreie Stadt; 23,07; 23,17; 23,72; 24,30; 24,41; 24,60; 24,13; 24,33; 23,50; 24,72; 25,01; 25,86; 26,91; 27,56; 28,44; 28,94; 30,32; 30,94; 31,80; 33,02; 34,81; 34,44; 36,01; 38,03
79;DE224;09271;BY;;;3;Deggendorf, Landkreis; 22,82; 23,43; 23,55; 24,05; 24,19; 24,18; 23,97; 24,14; 23,88; 25,03; 24,84; 25,68; 26,87; 27,55; 28,36; 29,02; 29,99; 31,01; 31,85; 32,71; 34,24; 34,74; 36,58; 39,09
80;DE225;09272;BY;;;3;Freyung-Grafenau, Landkreis; 21,53; 21,86; 22,15; 22,67; 22,91; 23,27; 22,97; 23,06; 21,50; 22,23; 22,49; 23,51; 24,02; 24,35; 25,14; 25,77; 26,68; 27,43; 28,13; 29,33; 30,70; 31,22; 33,43; 35,18
81;DE226;09273;BY;;;3;Kelheim, Landkreis; 22,72; 23,05; 23,75; 24,39; 24,50; 24,66; 24,58; 24,92; 24,45; 25,52; 25,69; 26,26; 27,13; 28,01; 28,55; 29,42; 29,88; 30,73; 31,32; 32,48; 33,55; 33,97; 35,95; 37,64
82;DE227;09274;BY;;;3;Landshut, Landkreis; 23,76; 24,30; 25,04; 25,82; 26,01; 26,56; 26,33; 26,44; 25,55; 26,12; 26,93; 28,12; 29,26; 29,41; 29,93; 30,06; 30,93; 31,99; 32,74; 33,93; 34,89; 35,55; 37,64; 39,83
83;DE228;09275;BY;;;3;Passau, Landkreis; 21,77; 22,36; 22,51; 23,00; 23,07; 23,14; 23,10; 23,15; 22,28; 22,96; 23,03; 23,79; 24,95; 25,42; 25,70; 26,52; 27,20; 28,33; 29,10; 30,15; 30,99; 31,58; 33,43; 35,25
84;DE229;09276;BY;;;3;Regen, Landkreis; 21,90; 22,19; 22,91; 23,42; 23,53; 23,95; 23,69; 23,97; 22,42; 22,93; 23,12; 24,54; 25,03; 25,46; 26,61; 27,64; 27,99; 28,85; 29,71; 30,82; 32,20; 32,57; 34,31; 36,08
85;DE22A;09277;BY;;;3;Rottal-Inn, Landkreis; 21,67; 22,42; 22,82; 23,28; 23,16; 23,27; 23,04; 23,15; 22,16; 23,24; 23,32; 24,36; 25,51; 25,82; 26,82; 27,22; 27,96; 29,00; 29,54; 30,75; 32,36; 32,61; 34,79; 36,55
86;DE22B;09278;BY;;;3;Straubing-Bogen, Landkreis; 22,02; 22,24; 22,85; 23,40; 23,27; 23,40; 23,19; 23,25; 22,46; 23,31; 23,36; 24,48; 25,66; 27,12; 26,40; 27,34; 27,72; 28,92; 29,72; 31,03; 32,07; 32,20; 33,86; 35,99
87;DE22C;09279;BY;;;3;Dingolfing-Landau, Landkreis; 27,79; 28,10; 29,66; 30,77; 30,79; 32,73; 32,99; 33,17; 33,40; 31,94; 33,19; 34,38; 34,15; 35,39; 35,18; 36,48; 38,28; 39,37; 41,00; 42,97; 42,55; 42,33; 45,08; 49,39
88;DE23;093;BY;;2;;Oberpfalz, Regierungsbezirk; 23,45; 24,08; 24,53; 25,25; 25,43; 25,74; 25,67; 25,82; 25,48; 26,55; 26,75; 27,47; 28,51; 29,02; 29,93; 30,43; 31,54; 32,67; 33,62; 34,64; 35,72; 36,08; 37,94; 40,08
89;DE231;09361;BY;;;3;Amberg, Kreisfreie Stadt; 23,73; 24,55; 24,78; 25,46; 25,67; 26,06; 26,14; 26,38; 26,03; 27,57; 27,71; 28,59; 30,01; 30,24; 31,34; 32,24; 32,22; 33,51; 34,64; 35,89; 36,92; 37,06; 38,73; 41,39
90;DE232;09362;BY;;;3;Regensburg, Kreisfreie Stadt; 25,85; 26,47; 27,46; 28,35; 28,78; 29,21; 29,16; 29,52; 30,01; 31,70; 31,96; 32,70; 33,89; 34,62; 36,03; 36,50; 38,00; 39,31; 40,62; 41,28; 42,38; 42,42; 44,62; 46,84
91;DE233;09363;BY;;;3;Weiden i.d.OPf., Kreisfreie Stadt; 22,16; 22,47; 23,03; 23,45; 23,60; 23,45; 23,26; 23,28; 22,59; 23,24; 23,10; 23,86; 24,74; 25,29; 26,45; 26,90; 28,33; 28,93; 29,81; 31,01; 32,23; 32,86; 34,68; 36,58
92;DE234;09371;BY;;;3;Amberg-Sulzbach, Landkreis; 23,61; 24,55; 24,68; 25,39; 25,63; 25,90; 25,51; 25,80; 25,14; 25,99; 25,90; 26,69; 27,41; 27,67; 28,29; 27,95; 29,14; 30,39; 31,25; 32,79; 34,24; 34,98; 37,00; 39,10
93;DE235;09372;BY;;;3;Cham, Landkreis; 21,60; 22,07; 22,22; 22,69; 22,81; 23,11; 22,87; 22,98; 21,75; 22,72; 23,04; 23,76; 25,07; 25,24; 25,52; 26,12; 27,25; 28,41; 29,07; 30,13; 31,36; 31,53; 33,42; 35,60
94;DE236;09373;BY;;;3;Neumarkt i.d.OPf., Landkreis; 22,60; 23,10; 23,55; 24,11; 24,07; 24,32; 24,29; 24,32; 24,23; 24,92; 25,21; 25,66; 26,33; 27,37; 28,54; 29,03; 29,99; 31,34; 32,02; 33,10; 34,46; 35,21; 37,09; 38,89
95;DE237;09374;BY;;;3;Neustadt a.d.Waldnaab, Landkreis; 22,69; 23,34; 23,64; 24,43; 24,33; 24,52; 24,53; 24,40; 23,18; 24,00; 24,19; 25,42; 25,92; 26,58; 26,80; 27,44; 28,45; 29,42; 30,48; 31,38; 32,47; 33,11; 34,66; 36,56
96;DE238;09375;BY;;;3;Regensburg, Landkreis; 23,05; 24,01; 24,25; 25,13; 25,24; 25,64; 25,86; 25,89; 25,76; 26,60; 26,70; 27,55; 28,72; 29,07; 29,67; 30,50; 31,19; 32,33; 33,13; 34,12; 34,53; 35,38; 36,74; 39,37
97;DE239;09376;BY;;;3;Schwandorf, Landkreis; 22,63; 23,03; 23,37; 23,74; 23,79; 24,14; 24,01; 24,21; 23,66; 24,27; 24,67; 25,10; 26,12; 26,35; 26,98; 27,62; 28,36; 29,20; 30,11; 31,45; 32,28; 32,69; 34,29; 36,43
98;DE23A;09377;BY;;;3;Tirschenreuth, Landkreis; 22,28; 22,97; 23,37; 24,02; 24,13; 24,33; 24,37; 24,28; 24,02; 25,39; 25,51; 25,92; 26,66; 26,96; 27,78; 27,50; 28,86; 29,78; 30,60; 31,82; 33,32; 33,30; 35,46; 36,80
99;DE24;094;BY;;2;;Oberfranken, Regierungsbezirk; 23,15; 23,60; 24,04; 24,63; 24,75; 24,98; 24,92; 25,23; 24,48; 25,40; 25,74; 26,47; 27,45; 28,03; 28,73; 29,10; 30,52; 31,45; 32,22; 33,49; 34,71; 35,11; 37,03; 39,27
100;DE241;09461;BY;;;3;Bamberg, Kreisfreie Stadt; 24,20; 24,72; 25,25; 25,92; 26,10; 26,22; 26,14; 26,67; 26,05; 26,51; 27,19; 28,23; 28,70; 29,38; 30,01; 30,44; 31,96; 33,06; 33,86; 34,72; 35,74; 35,58; 37,77; 39,99
101;DE242;09462;BY;;;3;Bayreuth, Kreisfreie Stadt; 24,07; 24,59; 24,96; 25,69; 25,84; 26,02; 25,46; 25,54; 25,04; 26,33; 26,57; 27,31; 28,51; 29,27; 30,24; 30,59; 31,92; 32,73; 33,67; 34,82; 36,49; 36,93; 39,26; 41,43
102;DE243;09463;BY;;;3;Coburg, Kreisfreie Stadt; 25,52; 25,72; 26,46; 26,89; 27,66; 28,35; 28,42; 28,96; 28,48; 29,76; 30,03; 31,10; 32,33; 33,02; 34,92; 36,21; 38,91; 38,78; 39,29; 41,00; 42,93; 43,74; 45,58; 49,03
103;DE244;09464;BY;;;3;Hof, Kreisfreie Stadt; 23,49; 24,04; 24,51; 24,85; 25,18; 25,03; 24,89; 25,05; 23,69; 24,41; 24,30; 25,00; 26,28; 26,83; 27,63; 27,73; 28,68; 29,42; 30,18; 31,36; 32,42; 32,80; 34,70; 36,83
104;DE245;09471;BY;;;3;Bamberg, Landkreis; 22,63; 23,31; 23,68; 24,14; 24,17; 24,30; 24,17; 24,11; 24,03; 24,66; 25,04; 25,58; 26,21; 26,67; 27,54; 28,01; 28,99; 30,38; 30,76; 31,73; 32,80; 33,01; 34,50; 36,30
105;DE246;09472;BY;;;3;Bayreuth, Landkreis; 22,70; 23,07; 23,42; 23,92; 23,85; 23,95; 24,22; 24,47; 24,09; 24,58; 24,96; 25,96; 27,06; 27,94; 28,29; 28,54; 29,93; 30,12; 31,15; 32,34; 33,19; 33,65; 35,39; 37,57
106;DE247;09473;BY;;;3;Coburg, Landkreis; 22,06; 22,05; 22,20; 23,24; 23,21; 23,28; 23,58; 24,25; 22,07; 23,02; 23,03; 23,45; 24,26; 24,69; 25,10; 25,63; 26,29; 27,35; 28,26; 29,42; 30,65; 30,61; 32,24; 35,11
107;DE248;09474;BY;;;3;Forchheim, Landkreis; 24,57; 25,01; 25,27; 25,82; 26,04; 26,31; 26,07; 26,43; 25,68; 26,78; 27,21; 27,94; 28,98; 29,51; 30,01; 30,40; 31,75; 33,53; 34,34; 35,56; 37,30; 37,41; 39,60; 41,78
108;DE249;09475;BY;;;3;Hof, Landkreis; 22,24; 22,43; 23,12; 23,73; 23,74; 24,02; 24,22; 24,58; 23,64; 24,57; 24,70; 25,16; 25,96; 26,53; 27,00; 26,52; 28,66; 29,73; 30,48; 32,39; 33,80; 34,35; 36,16; 38,20
109;DE24A;09476;BY;;;3;Kronach, Landkreis; 21,97; 22,57; 22,98; 23,51; 23,71; 23,99; 23,77; 24,27; 24,24; 25,39; 25,17; 26,08; 27,33; 27,16; 27,06; 27,75; 28,07; 29,40; 30,48; 31,45; 32,21; 32,56; 34,39; 36,16
110;DE24B;09477;BY;;;3;Kulmbach, Landkreis; 22,81; 23,32; 23,91; 24,46; 24,30; 24,68; 24,62; 24,80; 23,69; 24,81; 25,21; 25,81; 26,75; 27,48; 28,13; 27,89; 29,67; 30,66; 31,23; 32,39; 34,03; 34,39; 36,24; 38,33
111;DE24C;09478;BY;;;3;Lichtenfels, Landkreis; 21,57; 21,98; 22,23; 22,73; 22,57; 22,89; 22,91; 23,03; 22,42; 23,50; 23,68; 24,23; 25,49; 25,87; 26,26; 26,76; 28,29; 29,34; 30,29; 31,33; 32,34; 33,13; 35,09; 37,31
112;DE24D;09479;BY;;;3;Wunsiedel i.Fichtelgebirge, Landkreis; 22,13; 22,80; 23,20; 23,61; 23,50; 23,69; 23,58; 23,96; 22,97; 23,66; 25,07; 25,64; 26,71; 27,31; 27,87; 28,05; 29,48; 30,23; 31,01; 33,28; 33,27; 34,58; 36,23; 38,18
113;DE25;095;BY;;2;;Mittelfranken, Regierungsbezirk; 25,18; 25,75; 26,13; 26,58; 26,73; 27,04; 26,93; 27,20; 27,70; 28,66; 28,89; 29,79; 31,13; 31,57; 32,47; 32,82; 34,21; 35,24; 36,00; 37,25; 38,64; 38,96; 40,92; 43,17
114;DE251;09561;BY;;;3;Ansbach, Kreisfreie Stadt; 23,34; 23,95; 24,55; 25,19; 24,83; 25,99; 25,70; 26,18; 25,20; 26,34; 26,98; 27,92; 29,04; 30,08; 31,21; 31,39; 32,00; 32,91; 33,48; 35,20; 36,52; 36,89; 38,82; 41,21
115;DE252;09562;BY;;;3;Erlangen, Kreisfreie Stadt; 31,31; 32,15; 32,05; 32,64; 32,80; 33,08; 33,28; 33,82; 35,24; 37,34; 37,11; 38,12; 40,16; 40,44; 42,00; 42,16; 43,78; 44,58; 45,60; 47,08; 49,10; 48,58; 51,55; 54,53
116;DE253;09563;BY;;;3;Fürth, Kreisfreie Stadt; 24,98; 25,53; 26,21; 26,30; 26,45; 26,53; 26,22; 26,43; 27,33; 28,44; 28,79; 29,63; 30,90; 31,36; 32,07; 32,49; 33,91; 35,14; 35,73; 36,94; 38,22; 38,58; 40,74; 42,87
117;DE254;09564;BY;;;3;Nürnberg, Kreisfreie Stadt; 25,66; 26,26; 26,79; 27,03; 27,28; 27,67; 27,49; 27,74; 29,14; 30,15; 30,42; 31,23; 32,70; 33,22; 34,20; 34,81; 36,21; 37,08; 37,81; 39,25; 40,93; 41,14; 43,00; 45,41
118;DE255;09565;BY;;;3;Schwabach, Kreisfreie Stadt; 23,19; 24,11; 24,28; 24,69; 24,92; 25,22; 24,96; 25,34; 24,25; 24,89; 24,99; 25,33; 26,78; 27,80; 28,53; 28,26; 29,97; 32,73; 32,91; 33,91; 33,96; 34,79; 36,90; 38,77
119;DE256;09571;BY;;;3;Ansbach, Landkreis; 22,38; 22,92; 23,28; 23,78; 23,77; 23,89; 23,82; 23,99; 23,17; 24,09; 24,38; 24,79; 25,62; 26,10; 26,48; 26,64; 27,62; 28,89; 29,54; 30,50; 31,75; 32,15; 33,59; 35,58
120;DE257;09572;BY;;;3;Erlangen-Höchstadt, Landkreis; 24,33; 24,37; 24,74; 25,54; 25,73; 25,79; 25,89; 26,08; 26,95; 27,07; 27,80; 28,61; 29,93; 30,16; 31,45; 32,01; 33,60; 35,28; 36,71; 37,25; 37,95; 38,84; 40,50; 42,55
121;DE258;09573;BY;;;3;Fürth, Landkreis; 22,92; 23,19; 23,79; 24,18; 24,25; 24,24; 24,04; 24,16; 23,07; 23,64; 23,87; 24,63; 25,84; 26,61; 27,05; 27,07; 28,54; 29,73; 30,38; 31,38; 32,32; 32,72; 34,26; 36,36
122;DE259;09574;BY;;;3;Nürnberger Land, Landkreis; 23,57; 24,08; 24,23; 24,75; 24,89; 25,32; 25,32; 25,60; 25,57; 26,07; 26,24; 27,07; 28,06; 28,57; 29,23; 29,56; 31,54; 32,28; 33,04; 34,25; 35,10; 35,84; 38,26; 39,95
123;DE25A;09575;BY;;;3;Neustadt a.d.Aisch-Bad Windsheim, Landkreis; 22,46; 22,67; 23,40; 23,78; 23,69; 23,82; 23,47; 23,66; 22,61; 23,43; 23,66; 24,43; 25,22; 25,51; 25,82; 26,26; 27,33; 28,59; 29,00; 30,18; 31,33; 31,77; 33,38; 35,00
124;DE25B;09576;BY;;;3;Roth, Landkreis; 23,25; 23,76; 24,12; 24,46; 24,66; 24,84; 24,73; 24,90; 23,85; 24,63; 24,87; 25,88; 26,89; 27,00; 27,33; 27,19; 28,65; 29,72; 30,64; 31,73; 32,77; 33,36; 35,06; 37,25
125;DE25C;09577;BY;;;3;Weißenburg-Gunzenhausen, Landkreis; 23,67; 24,20; 24,73; 25,35; 25,54; 25,54; 25,30; 25,39; 23,52; 24,11; 24,18; 24,87; 25,85; 26,34; 26,86; 27,00; 28,49; 29,68; 30,42; 31,45; 32,59; 33,03; 34,61; 36,08
126;DE26;096;BY;;2;;Unterfranken, Regierungsbezirk; 23,87; 24,34; 24,69; 25,39; 25,61; 25,91; 25,69; 26,04; 25,74; 26,47; 26,78; 27,65; 28,66; 29,16; 29,89; 30,53; 31,54; 32,65; 33,48; 34,75; 35,91; 36,38; 38,24; 40,47
127;DE261;09661;BY;;;3;Aschaffenburg, Kreisfreie Stadt; 24,62; 24,76; 25,13; 25,98; 26,12; 26,21; 25,72; 26,28; 26,15; 26,87; 27,17; 28,26; 29,17; 30,19; 31,07; 32,36; 32,83; 33,25; 34,40; 35,70; 36,94; 37,18; 39,20; 41,75
128;DE262;09662;BY;;;3;Schweinfurt, Kreisfreie Stadt; 25,61; 26,05; 26,56; 27,51; 28,22; 28,70; 28,21; 29,57; 29,30; 30,01; 30,33; 31,16; 32,90; 33,06; 34,23; 37,25; 36,63; 38,11; 39,87; 41,41; 42,35; 42,76; 44,89; 46,72
129;DE263;09663;BY;;;3;Würzburg, Kreisfreie Stadt; 24,51; 25,02; 25,45; 25,98; 26,03; 26,13; 25,90; 25,96; 26,43; 27,14; 27,52; 28,44; 29,34; 29,88; 30,81; 30,68; 32,58; 33,43; 34,21; 35,57; 37,15; 37,58; 39,41; 41,36
130;DE264;09671;BY;;;3;Aschaffenburg, Landkreis; 24,35; 24,89; 25,08; 25,85; 25,89; 26,28; 26,07; 26,27; 26,68; 27,60; 27,80; 28,82; 29,48; 30,17; 30,17; 30,64; 31,64; 33,00; 33,80; 35,20; 36,53; 36,65; 38,35; 41,14
131;DE265;09672;BY;;;3;Bad Kissingen, Landkreis; 22,46; 22,84; 23,28; 23,71; 23,86; 24,07; 23,66; 23,85; 22,97; 23,52; 23,52; 24,68; 26,07; 26,67; 27,23; 27,52; 28,68; 29,63; 30,05; 31,22; 32,12; 32,58; 34,44; 36,44
132;DE266;09673;BY;;;3;Rhön-Grabfeld, Landkreis; 22,84; 23,19; 23,28; 23,93; 24,25; 24,59; 24,44; 24,64; 24,23; 25,03; 25,28; 25,83; 26,97; 27,47; 28,04; 28,92; 30,02; 31,32; 32,26; 33,43; 34,33; 34,97; 36,53; 38,94
133;DE267;09674;BY;;;3;Haßberge, Landkreis; 23,05; 23,48; 23,80; 24,26; 24,47; 24,88; 25,05; 24,96; 23,68; 24,11; 24,77; 26,00; 26,96; 27,43; 27,91; 27,93; 28,95; 29,91; 30,74; 31,69; 32,58; 33,41; 34,64; 36,36
134;DE268;09675;BY;;;3;Kitzingen, Landkreis; 22,57; 23,05; 23,33; 23,89; 24,44; 24,97; 24,76; 24,82; 23,84; 24,69; 24,83; 25,94; 26,42; 26,74; 27,38; 28,50; 29,55; 30,91; 30,81; 31,92; 33,33; 33,93; 35,53; 37,92
135;DE269;09676;BY;;;3;Miltenberg, Landkreis; 23,23; 23,73; 23,97; 25,11; 25,28; 25,50; 25,42; 25,73; 25,22; 25,98; 26,11; 26,94; 27,78; 28,35; 29,06; 29,65; 30,80; 31,81; 32,23; 33,69; 34,38; 34,88; 36,79; 39,32
136;DE26A;09677;BY;;;3;Main-Spessart, Landkreis; 24,88; 25,77; 26,10; 27,09; 27,16; 27,66; 27,86; 28,58; 27,86; 28,73; 29,49; 30,10; 31,19; 31,23; 32,49; 32,67; 33,74; 35,14; 35,95; 37,34; 38,46; 39,06; 41,29; 43,63
137;DE26B;09678;BY;;;3;Schweinfurt, Landkreis; 22,24; 22,51; 23,29; 23,65; 23,82; 24,08; 23,60; 23,60; 23,14; 24,02; 23,99; 24,57; 25,35; 25,39; 25,59; 24,41; 26,99; 27,76; 28,68; 29,87; 31,09; 31,54; 33,42; 35,31
138;DE26C;09679;BY;;;3;Würzburg, Landkreis; 22,93; 23,40; 23,83; 24,17; 24,29; 24,54; 24,43; 24,56; 24,12; 24,81; 25,26; 25,55; 26,73; 27,43; 28,02; 28,87; 29,28; 30,83; 31,74; 32,87; 34,07; 34,70; 36,67; 38,98
139;DE27;097;BY;;2;;Schwaben, Regierungsbezirk; 24,14; 24,67; 25,02; 25,56; 25,61; 25,90; 25,78; 25,95; 25,82; 26,74; 26,93; 27,77; 28,81; 29,56; 30,20; 30,70; 31,63; 32,72; 33,55; 34,77; 35,87; 36,26; 38,17; 40,23
140;DE271;09761;BY;;;3;Augsburg, Kreisfreie Stadt; 25,58; 26,26; 26,51; 27,18; 27,29; 27,59; 27,50; 27,64; 28,02; 29,55; 29,51; 30,33; 31,51; 32,30; 33,38; 33,79; 35,32; 36,33; 37,12; 38,48; 39,42; 39,62; 41,87; 43,71
141;DE272;09762;BY;;;3;Kaufbeuren, Kreisfreie Stadt; 22,65; 23,25; 23,83; 24,41; 24,47; 24,60; 24,17; 24,37; 23,38; 23,86; 24,14; 24,83; 25,92; 26,35; 27,07; 27,12; 28,50; 29,60; 30,60; 31,86; 33,07; 33,92; 36,07; 38,35
142;DE273;09763;BY;;;3;Kempten (Allgäu), Kreisfreie Stadt; 24,56; 24,93; 25,55; 26,01; 26,11; 26,22; 25,95; 26,18; 25,90; 26,85; 26,40; 27,35; 28,70; 28,85; 29,68; 29,88; 30,86; 31,73; 32,69; 34,13; 35,39; 35,91; 37,98; 40,63
143;DE274;09764;BY;;;3;Memmingen, Kreisfreie Stadt; 23,30; 23,73; 24,03; 24,82; 24,80; 25,22; 25,10; 25,00; 24,67; 25,41; 26,09; 26,96; 27,96; 28,81; 29,89; 30,25; 30,91; 31,98; 32,90; 34,18; 35,19; 35,73; 37,32; 39,23
144;DE275;09771;BY;;;3;Aichach-Friedberg, Landkreis; 22,97; 23,17; 23,34; 23,28; 23,14; 23,25; 22,91; 23,25; 22,90; 23,46; 23,35; 24,15; 24,73; 26,14; 26,61; 27,60; 28,32; 29,60; 30,23; 31,45; 32,56; 33,14; 34,95; 36,93
145;DE276;09772;BY;;;3;Augsburg, Landkreis; 24,27; 24,94; 25,05; 25,59; 25,51; 25,77; 25,68; 25,81; 25,57; 26,23; 26,66; 27,54; 28,22; 28,57; 29,10; 29,36; 30,20; 31,30; 32,03; 33,19; 34,25; 34,65; 36,31; 38,35
146;DE277;09773;BY;;;3;Dillingen a.d.Donau, Landkreis; 23,74; 24,36; 24,70; 25,25; 25,26; 25,50; 25,30; 25,77; 24,70; 25,97; 25,95; 26,53; 27,64; 28,10; 28,42; 29,10; 29,82; 30,85; 31,74; 32,72; 33,96; 34,54; 36,61; 38,47
147;DE278;09774;BY;;;3;Günzburg, Landkreis; 23,49; 23,82; 24,28; 24,85; 24,72; 25,18; 25,01; 25,22; 24,59; 25,36; 25,94; 26,64; 27,70; 27,95; 28,45; 29,27; 29,91; 31,01; 31,69; 32,82; 33,83; 34,48; 36,16; 38,01
148;DE279;09775;BY;;;3;Neu-Ulm, Landkreis; 25,18; 25,29; 25,67; 26,38; 26,28; 26,66; 26,78; 26,71; 27,01; 27,36; 28,26; 28,79; 29,78; 30,22; 30,73; 31,44; 32,51; 33,68; 34,28; 35,55; 36,60; 36,74; 38,50; 40,66
149;DE27A;09776;BY;;;3;Lindau (Bodensee), Landkreis; 24,01; 24,58; 24,66; 25,48; 25,73; 25,88; 25,64; 25,75; 26,06; 27,12; 27,07; 27,91; 28,88; 29,61; 30,32; 31,10; 32,32; 33,33; 34,10; 35,18; 36,57; 36,79; 39,30; 41,89
150;DE27B;09777;BY;;;3;Ostallgäu, Landkreis; 23,61; 24,04; 24,62; 24,95; 25,07; 25,52; 25,46; 25,89; 25,92; 26,63; 27,08; 28,05; 29,36; 30,04; 30,39; 30,77; 31,16; 32,47; 33,61; 34,76; 35,88; 36,69; 38,23; 40,45
151;DE27C;09778;BY;;;3;Unterallgäu, Landkreis; 23,55; 24,28; 24,61; 25,09; 25,08; 25,27; 24,90; 25,02; 25,23; 26,04; 26,30; 27,54; 28,73; 29,67; 29,48; 30,59; 31,75; 33,01; 33,83; 34,90; 35,76; 36,17; 38,15; 40,15
152;DE27D;09779;BY;;;3;Donau-Ries, Landkreis; 23,68; 24,44; 24,93; 25,35; 25,65; 25,98; 26,14; 26,36; 25,76; 27,26; 27,13; 27,53; 28,61; 30,55; 30,81; 31,63; 31,91; 33,39; 34,35; 35,67; 36,90; 37,05; 38,99; 41,20
153;DE27E;09780;BY;;;3;Oberallgäu, Landkreis; 22,36; 22,79; 23,61; 23,92; 24,06; 24,39; 24,25; 24,50; 24,21; 24,43; 24,62; 26,06; 26,90; 27,36; 28,51; 28,12; 28,92; 29,58; 30,77; 31,92; 33,48; 33,85; 35,55; 37,50
154;DE3;11;BE;1;2;3;Berlin; 22,42; 22,50; 23,09; 23,56; 23,77; 23,95; 23,53; 23,63; 24,52; 25,41; 25,74; 26,45; 27,16; 27,97; 28,82; 29,95; 30,78; 32,04; 33,47; 35,25; 37,76; 38,70; 40,65; 43,33
155;DE4;12;BB;1;2;;Brandenburg; 16,58; 17,16; 17,58; 17,93; 18,00; 18,38; 18,21; 18,49; 19,33; 20,12; 20,36; 21,07; 21,87; 22,76; 23,25; 24,14; 25,00; 25,87; 27,04; 28,27; 29,92; 30,39; 32,46; 34,79
156;DE401;12051;BB;;;3;Brandenburg an der Havel, Kreisfreie Stadt; 17,22; 17,84; 18,20; 18,52; 18,67; 19,02; 18,69; 18,97; 19,95; 20,55; 20,70; 21,74; 22,46; 23,42; 24,13; 24,69; 25,47; 26,12; 28,21; 29,06; 30,49; 31,74; 33,16; 35,90
157;DE402;12052;BB;;;3;Cottbus, Kreisfreie Stadt; 17,56; 18,12; 18,41; 18,76; 19,22; 19,30; 19,04; 19,26; 20,11; 20,88; 21,06; 21,92; 23,02; 23,97; 24,62; 25,66; 26,27; 27,36; 28,56; 29,68; 31,24; 31,43; 33,53; 35,78
158;DE403;12053;BB;;;3;Frankfurt (Oder), Kreisfreie Stadt; 16,99; 17,62; 18,16; 18,48; 18,59; 18,98; 18,73; 18,91; 20,07; 20,73; 21,23; 21,81; 22,76; 23,75; 23,98; 24,86; 25,73; 26,42; 27,46; 28,45; 30,15; 30,15; 32,00; 34,40
159;DE404;12054;BB;;;3;Potsdam, Kreisfreie Stadt; 18,58; 19,14; 19,73; 20,10; 20,19; 20,58; 20,38; 20,73; 21,61; 22,75; 23,16; 23,88; 24,69; 25,58; 26,28; 26,97; 28,22; 29,29; 30,69; 32,14; 34,17; 34,79; 36,82; 39,01
160;DE405;12060;BB;;;3;Barnim, Landkreis; 15,90; 16,51; 16,85; 17,17; 17,19; 17,53; 17,42; 17,54; 18,25; 19,09; 19,32; 20,04; 20,70; 21,72; 22,10; 22,98; 23,97; 24,90; 25,92; 27,15; 28,65; 29,14; 31,12; 33,26
161;DE406;12061;BB;;;3;Dahme-Spreewald, Landkreis; 16,85; 17,46; 17,81; 18,22; 18,23; 18,40; 18,42; 18,74; 19,65; 20,27; 20,58; 21,16; 21,81; 22,67; 23,28; 24,35; 25,17; 25,85; 27,07; 28,18; 29,77; 30,02; 32,52; 34,83
162;DE407;12062;BB;;;3;Elbe-Elster, Landkreis; 15,18; 15,66; 16,11; 16,38; 16,35; 17,18; 16,82; 17,24; 17,55; 18,25; 18,57; 19,64; 20,35; 21,18; 21,52; 22,23; 22,87; 23,88; 24,76; 25,93; 27,47; 27,77; 29,85; 32,16
163;DE408;12063;BB;;;3;Havelland, Landkreis; 15,54; 16,03; 16,47; 16,91; 16,83; 17,02; 16,90; 17,08; 17,58; 18,30; 18,38; 19,11; 19,85; 20,62; 21,03; 22,27; 23,15; 24,02; 24,91; 26,06; 27,51; 28,27; 30,51; 32,84
164;DE409;12064;BB;;;3;Märkisch-Oderland, Landkreis; 15,64; 16,13; 16,58; 16,85; 16,85; 17,20; 17,02; 17,24; 18,09; 18,91; 19,03; 19,69; 20,44; 21,42; 22,03; 22,77; 23,69; 24,62; 25,90; 26,95; 28,74; 29,09; 30,90; 33,25
165;DE40A;12065;BB;;;3;Oberhavel, Landkreis; 16,93; 17,48; 17,75; 17,96; 17,92; 18,39; 18,10; 18,26; 19,26; 20,14; 20,78; 21,26; 22,36; 23,56; 23,82; 24,63; 25,58; 26,38; 27,95; 29,37; 31,03; 31,44; 33,76; 35,66
166;DE40B;12066;BB;;;3;Oberspreewald-Lausitz, Landkreis; 16,39; 16,98; 17,43; 17,97; 17,67; 18,06; 18,13; 18,51; 19,31; 20,25; 20,35; 20,77; 21,53; 22,65; 23,10; 24,10; 24,82; 25,80; 26,96; 28,15; 29,75; 30,09; 32,24; 34,35
167;DE40C;12067;BB;;;3;Oder-Spree, Landkreis; 16,48; 17,02; 17,50; 17,85; 17,95; 18,37; 18,25; 18,53; 19,27; 19,81; 19,99; 20,64; 21,43; 22,31; 22,81; 23,73; 24,59; 25,42; 26,58; 27,76; 29,41; 29,91; 32,31; 35,47
168;DE40D;12068;BB;;;3;Ostprignitz-Ruppin, Landkreis; 15,95; 16,50; 16,96; 17,39; 17,45; 17,77; 17,57; 17,72; 18,50; 18,98; 18,98; 19,56; 20,25; 21,01; 21,71; 22,44; 23,07; 23,81; 25,00; 26,23; 27,97; 28,57; 30,46; 32,69
169;DE40E;12069;BB;;;3;Potsdam-Mittelmark, Landkreis; 17,08; 17,67; 18,06; 18,24; 18,19; 18,57; 18,36; 18,67; 19,58; 20,31; 20,69; 21,51; 22,14; 22,78; 23,26; 24,18; 24,89; 26,05; 27,23; 28,58; 30,43; 31,07; 32,97; 35,44
170;DE40F;12070;BB;;;3;Prignitz, Landkreis; 14,84; 15,40; 15,78; 16,18; 16,29; 16,51; 16,23; 16,59; 17,26; 18,06; 18,29; 19,19; 19,92; 20,28; 20,60; 21,34; 22,25; 23,17; 24,28; 25,25; 26,81; 27,33; 29,44; 31,87
171;DE40G;12071;BB;;;3;Spree-Neiße, Landkreis; 16,43; 16,89; 17,38; 17,83; 18,02; 18,34; 18,01; 18,54; 19,40; 20,64; 20,65; 21,24; 21,86; 22,62; 23,05; 23,93; 24,68; 25,10; 25,79; 27,03; 28,63; 29,11; 31,27; 34,01
172;DE40H;12072;BB;;;3;Teltow-Fläming, Landkreis; 16,46; 17,15; 17,69; 18,11; 18,22; 18,74; 18,86; 19,24; 20,22; 20,92; 21,23; 21,87; 22,55; 23,58; 24,09; 25,17; 25,90; 26,66; 27,57; 28,88; 30,28; 30,80; 32,58; 34,61
173;DE40I;12073;BB;;;3;Uckermark, Landkreis; 16,06; 16,62; 16,95; 17,22; 17,30; 17,81; 17,72; 17,93; 18,90; 19,54; 19,53; 20,26; 21,44; 22,34; 22,79; 23,54; 24,31; 25,02; 25,67; 27,08; 28,67; 28,93; 30,85; 33,00
174;DE5;04;HB;1;2;;Bremen; 23,85; 24,40; 24,67; 25,65; 25,78; 26,25; 26,20; 26,24; 27,11; 28,11; 28,20; 28,85; 29,82; 31,15; 31,94; 32,34; 33,18; 34,25; 35,15; 35,93; 37,05; 37,18; 38,51; 40,57
175;DE501;04011;HB;;;3;Bremen, Kreisfreie Stadt; 24,46; 24,93; 25,22; 26,25; 26,36; 26,86; 26,94; 26,81; 27,16; 27,85; 27,88; 28,43; 29,33; 30,56; 31,71; 32,30; 33,17; 34,27; 35,20; 35,99; 37,10; 37,23; 38,54; 40,60
176;DE502;04012;HB;;;3;Bremerhaven, Kreisfreie Stadt; 20,88; 21,78; 21,88; 22,66; 22,86; 23,26; 22,82; 23,60; 26,83; 29,48; 29,87; 31,12; 32,56; 34,60; 33,29; 32,58; 33,20; 34,16; 34,83; 35,54; 36,77; 36,86; 38,32; 40,41
177;DE6;02;HH;1;2;3;Hamburg; 26,52; 27,14; 27,56; 28,07; 28,18; 28,51; 28,28; 28,51; 29,35; 30,42; 30,37; 31,14; 32,36; 33,64; 34,34; 35,34; 35,99; 36,91; 38,35; 39,81; 41,58; 41,77; 43,63; 46,42
178;DE7;06;HE;1;;;Hessen; 25,70; 26,31; 26,85; 27,71; 27,64; 27,94; 28,00; 28,51; 29,59; 30,34; 30,41; 31,15; 32,22; 33,10; 33,82; 34,61; 35,21; 36,29; 37,52; 38,80; 40,38; 40,71; 41,85; 44,55
179;DE71;064;HE;;2;;Darmstadt, Regierungsbezirk; 26,54; 27,21; 27,78; 28,71; 28,71; 29,05; 29,13; 29,74; 30,97; 31,66; 31,73; 32,49; 33,56; 34,39; 35,23; 36,04; 36,69; 37,79; 39,02; 40,38; 42,04; 42,44; 43,53; 46,39
180;DE711;06411;HE;;;3;Darmstadt, Wissenschaftsstadt, Kreisfreie Stadt; 27,09; 27,67; 28,34; 29,30; 29,03; 29,25; 29,30; 29,78; 30,97; 31,95; 32,46; 33,30; 34,68; 35,48; 36,26; 36,72; 37,70; 39,40; 40,91; 42,60; 44,80; 45,31; 46,13; 49,10
181;DE712;06412;HE;;;3;Frankfurt am Main, Kreisfreie Stadt; 28,53; 29,16; 29,86; 30,91; 31,08; 31,50; 31,64; 32,60; 34,40; 35,06; 35,12; 35,93; 36,99; 37,96; 39,03; 40,04; 40,66; 41,95; 43,38; 44,90; 46,91; 47,50; 48,25; 51,47
182;DE713;06413;HE;;;3;Offenbach am Main, Kreisfreie Stadt; 25,52; 26,49; 26,97; 27,76; 27,72; 28,13; 28,32; 28,57; 29,70; 30,51; 31,14; 31,77; 33,34; 33,72; 34,10; 34,79; 34,60; 35,05; 36,38; 37,48; 38,39; 39,07; 40,18; 42,24
183;DE714;06414;HE;;;3;Wiesbaden, Landeshauptstadt, Kreisfreie Stadt; 26,40; 27,19; 27,78; 28,71; 28,74; 29,12; 29,16; 29,87; 30,18; 30,90; 30,89; 31,77; 32,92; 33,82; 34,60; 35,42; 36,28; 36,72; 37,51; 39,23; 41,17; 41,55; 43,06; 45,65
184;DE715;06431;HE;;;3;Bergstraße, Landkreis; 24,24; 24,81; 25,27; 26,04; 25,92; 26,20; 26,19; 26,55; 27,25; 28,08; 27,73; 28,18; 29,04; 29,65; 30,02; 30,88; 31,48; 32,33; 33,51; 34,55; 35,91; 36,28; 37,60; 39,76
185;DE716;06432;HE;;;3;Darmstadt-Dieburg, Landkreis; 24,65; 25,24; 25,65; 26,39; 26,34; 26,50; 26,51; 26,93; 27,50; 28,07; 28,04; 28,76; 29,50; 30,19; 30,65; 31,17; 32,10; 32,95; 33,80; 34,80; 35,89; 36,34; 37,52; 40,07
186;DE717;06433;HE;;;3;Groß-Gerau, Landkreis; 26,58; 27,31; 27,75; 28,91; 28,89; 29,16; 29,60; 29,79; 31,05; 31,85; 31,78; 32,05; 33,12; 33,75; 34,64; 35,29; 36,07; 36,97; 37,82; 38,57; 39,41; 39,52; 39,98; 42,33
187;DE718;06434;HE;;;3;Hochtaunuskreis; 26,46; 27,16; 27,71; 28,76; 28,85; 29,26; 29,32; 29,82; 30,94; 31,61; 31,79; 32,78; 33,86; 34,58; 35,48; 36,58; 37,29; 39,11; 40,22; 41,72; 43,14; 43,37; 45,59; 49,49
188;DE719;06435;HE;;;3;Main-Kinzig-Kreis; 23,67; 24,25; 24,75; 25,40; 25,24; 25,46; 25,43; 25,73; 26,67; 27,48; 27,58; 28,44; 29,29; 30,15; 30,61; 31,39; 31,97; 33,09; 34,09; 35,37; 36,95; 37,04; 38,07; 40,45
189;DE71A;06436;HE;;;3;Main-Taunus-Kreis; 27,38; 28,09; 28,73; 29,74; 29,72; 30,24; 30,24; 30,93; 32,61; 32,43; 32,02; 33,10; 34,12; 35,21; 36,50; 37,31; 38,13; 39,38; 40,78; 42,25; 44,34; 44,84; 46,39; 49,46
190;DE71B;06437;HE;;;3;Odenwaldkreis; 22,61; 23,24; 23,62; 24,33; 24,36; 24,63; 24,45; 24,69; 25,37; 25,78; 26,06; 26,81; 27,55; 28,43; 28,74; 29,24; 29,76; 30,52; 31,46; 32,26; 33,71; 34,05; 35,26; 37,47
191;DE71C;06438;HE;;;3;Offenbach, Landkreis; 25,98; 26,76; 27,19; 27,96; 27,88; 28,21; 28,13; 28,54; 29,25; 30,10; 30,34; 31,15; 32,36; 32,94; 33,69; 34,27; 34,93; 35,88; 37,23; 38,05; 39,18; 39,34; 40,43; 42,88
192;DE71D;06439;HE;;;3;Rheingau-Taunus-Kreis; 23,56; 24,00; 24,31; 25,05; 24,89; 25,07; 24,95; 25,36; 26,15; 26,87; 27,19; 27,78; 28,96; 29,69; 30,46; 31,08; 31,58; 32,55; 33,56; 34,46; 35,82; 36,37; 37,72; 39,85
193;DE71E;06440;HE;;;3;Wetteraukreis; 24,10; 24,76; 25,21; 26,05; 25,92; 26,14; 26,11; 26,56; 27,73; 28,43; 28,62; 29,40; 30,16; 30,88; 31,58; 32,24; 32,57; 33,44; 34,40; 35,56; 36,83; 37,21; 38,28; 40,73
194;DE72;065;HE;;2;;Gießen, Regierungsbezirk; 24,50; 24,75; 25,49; 26,16; 25,91; 26,02; 26,00; 26,31; 27,05; 27,83; 27,92; 28,63; 29,62; 30,42; 30,81; 31,54; 32,21; 33,04; 34,26; 35,29; 36,79; 36,95; 38,25; 40,51
195;DE721;06531;HE;;;3;Gießen, Landkreis; 25,80; 25,34; 27,06; 27,69; 26,70; 26,73; 26,65; 26,94; 27,41; 28,10; 28,22; 28,98; 29,87; 30,59; 31,15; 31,89; 32,60; 33,41; 34,66; 35,64; 37,20; 37,37; 38,56; 40,84
196;DE722;06532;HE;;;3;Lahn-Dill-Kreis; 24,06; 24,67; 25,24; 25,92; 25,96; 26,34; 26,48; 26,85; 27,65; 28,29; 28,44; 29,18; 30,19; 30,97; 31,23; 31,92; 32,70; 33,42; 34,74; 35,85; 37,12; 37,32; 38,65; 41,01
197;DE723;06533;HE;;;3;Limburg-Weilburg, Landkreis; 23,53; 24,18; 24,53; 25,26; 25,19; 25,25; 25,19; 25,51; 26,49; 27,46; 27,55; 28,24; 29,20; 30,05; 30,55; 31,27; 31,89; 32,68; 33,67; 34,56; 36,10; 36,25; 37,69; 39,74
198;DE724;06534;HE;;;3;Marburg-Biedenkopf, Landkreis; 24,62; 24,95; 25,27; 26,00; 26,12; 26,09; 25,96; 26,24; 26,97; 27,91; 27,95; 28,54; 29,61; 30,53; 30,95; 31,75; 32,40; 33,37; 34,70; 35,83; 37,58; 37,65; 38,88; 41,15
199;DE725;06535;HE;;;3;Vogelsbergkreis; 23,03; 23,56; 23,62; 24,13; 23,97; 23,97; 23,97; 24,27; 25,25; 25,96; 25,93; 26,89; 27,79; 28,63; 28,57; 29,20; 29,54; 30,41; 31,39; 32,26; 33,46; 33,73; 35,27; 37,39
200;DE73;066;HE;;2;;Kassel, Regierungsbezirk; 23,65; 24,24; 24,54; 25,29; 25,15; 25,36; 25,47; 25,75; 26,59; 27,50; 27,62; 28,34; 29,48; 30,59; 31,18; 31,88; 32,21; 33,35; 34,57; 35,72; 37,10; 37,30; 38,42; 40,86
201;DE731;06611;HE;;;3;Kassel, documenta-Stadt, Kreisfreie Stadt; 24,55; 25,18; 25,55; 26,30; 26,17; 26,44; 26,54; 26,88; 27,86; 29,00; 28,99; 29,54; 30,69; 31,88; 32,88; 33,31; 33,58; 34,81; 35,98; 37,37; 39,01; 38,91; 39,90; 42,46
202;DE732;06631;HE;;;3;Fulda, Landkreis; 23,18; 23,72; 24,00; 24,68; 24,54; 24,75; 24,64; 24,93; 25,97; 26,83; 27,09; 27,74; 28,78; 29,64; 30,14; 30,98; 31,27; 32,50; 33,77; 34,78; 36,17; 36,40; 37,40; 39,66
203;DE733;06632;HE;;;3;Hersfeld-Rotenburg, Landkreis; 24,06; 24,60; 24,87; 25,69; 25,51; 25,72; 25,82; 26,31; 27,33; 28,22; 28,23; 28,63; 29,83; 30,52; 31,17; 31,80; 32,22; 33,08; 34,33; 35,52; 36,99; 37,54; 38,23; 40,38
204;DE734;06633;HE;;;3;Kassel, Landkreis; 24,51; 25,21; 25,66; 26,78; 26,69; 27,01; 27,59; 27,50; 28,45; 29,24; 29,50; 30,41; 31,73; 33,01; 33,49; 34,51; 35,02; 36,18; 37,48; 38,75; 39,15; 39,27; 40,38; 43,33
205;DE735;06634;HE;;;3;Schwalm-Eder-Kreis; 23,36; 23,93; 24,18; 24,71; 24,50; 24,61; 24,62; 24,88; 24,81; 25,69; 25,89; 26,92; 28,18; 30,24; 30,44; 31,19; 31,35; 32,52; 33,68; 34,76; 36,36; 36,76; 38,48; 40,82
206;DE736;06635;HE;;;3;Waldeck-Frankenberg, Landkreis; 22,33; 22,83; 23,05; 23,66; 23,56; 23,73; 23,81; 24,18; 25,05; 25,84; 25,97; 26,72; 27,76; 28,57; 28,94; 29,63; 30,05; 31,11; 32,33; 33,30; 35,10; 35,51; 36,75; 39,12
207;DE737;06636;HE;;;3;Werra-Meißner-Kreis; 22,47; 23,16; 23,18; 23,80; 23,60; 23,68; 23,57; 23,96; 24,80; 25,37; 25,30; 26,04; 26,95; 27,66; 28,23; 28,87; 29,10; 30,16; 31,31; 32,19; 33,55; 33,53; 34,88; 36,88
208;DE8;13;MV;1;2;;Mecklenburg-Vorpommern; 15,49; 16,01; 16,45; 16,96; 17,05; 17,35; 17,05; 17,29; 18,06; 18,86; 19,13; 19,81; 20,85; 21,57; 22,21; 23,07; 23,95; 24,72; 25,84; 27,18; 28,66; 29,15; 30,99; 33,36
209;DE803;13003;MV;;;3;Rostock, Hansestadt, Kreisfreie Stadt; 17,09; 17,60; 18,06; 18,63; 18,84; 19,11; 18,75; 19,11; 20,05; 21,07; 21,28; 21,86; 23,07; 23,83; 24,33; 25,26; 26,12; 26,85; 28,02; 29,67; 31,09; 31,49; 33,49; 35,81
210;DE804;13004;MV;;;3;Schwerin, Landeshauptstadt, Kreisfreie Stadt; 17,46; 18,06; 18,72; 19,24; 19,31; 19,70; 19,27; 19,36; 20,28; 21,18; 21,33; 21,96; 23,41; 24,19; 24,97; 25,91; 26,77; 27,36; 28,50; 29,84; 31,65; 32,08; 33,98; 36,37
211;DE80J;13071;MV;;;3;Mecklenburgische Seenplatte, Landkreis; 15,38; 15,93; 16,42; 16,96; 17,00; 17,19; 16,94; 17,18; 17,81; 18,53; 18,91; 19,68; 20,67; 21,57; 22,22; 22,94; 23,76; 24,45; 25,46; 26,66; 28,30; 28,78; 30,64; 33,04
212;DE80K;13072;MV;;;3;Landkreis Rostock; 14,66; 15,12; 15,45; 15,92; 15,98; 16,31; 16,03; 16,08; 16,84; 17,68; 18,13; 18,83; 19,57; 20,50; 21,01; 21,80; 22,69; 23,56; 24,64; 25,85; 27,21; 27,70; 29,61; 32,02
213;DE80L;13073;MV;;;3;Vorpommern-Rügen, Landkreis; 14,83; 15,32; 15,66; 16,19; 16,29; 16,58; 16,31; 16,67; 17,40; 18,09; 18,27; 19,02; 19,99; 20,50; 21,09; 21,90; 22,78; 23,69; 24,86; 26,18; 27,40; 28,17; 29,66; 31,95
214;DE80M;13074;MV;;;3;Nordwestmecklenburg, Landkreis; 15,41; 15,88; 16,38; 16,91; 17,00; 17,37; 17,22; 17,63; 18,40; 19,09; 19,27; 19,70; 20,87; 21,46; 22,39; 23,28; 24,01; 24,63; 26,13; 27,51; 28,47; 29,11; 30,72; 33,31
215;DE80N;13075;MV;;;3;Vorpommern-Greifswald, Landkreis; 14,93; 15,42; 15,83; 16,29; 16,32; 16,65; 16,22; 16,44; 17,17; 17,91; 18,16; 18,81; 19,88; 20,75; 21,19; 22,24; 23,19; 23,98; 25,07; 26,23; 27,91; 28,38; 30,26; 32,59
216;DE80O;13076;MV;;;3;Ludwigslust-Parchim, Landkreis; 14,48; 15,01; 15,40; 15,85; 15,92; 16,24; 15,96; 16,24; 17,00; 17,79; 18,13; 18,84; 19,60; 19,90; 20,70; 21,42; 22,47; 23,35; 24,33; 25,64; 27,25; 27,55; 29,52; 31,78
217;DE9;03;NI;1;;;Niedersachsen; 22,35; 22,71; 22,98; 23,54; 23,52; 23,52; 23,58; 23,55; 24,09; 25,00; 25,08; 25,80; 26,82; 27,49; 28,27; 28,93; 29,47; 30,35; 31,68; 32,85; 34,22; 34,30; 35,60; 37,77
218;DE91;031;NI;;2;;Statistische Region Braunschweig; 22,93; 23,25; 23,50; 24,04; 23,99; 24,06; 24,23; 24,13; 24,81; 25,79; 25,82; 26,52; 27,59; 28,31; 31,93; 32,91; 33,40; 34,55; 36,23; 37,71; 39,17; 38,75; 40,43; 42,88
219;DE911;03101;NI;;;3;Braunschweig, Kreisfreie Stadt; 22,63; 23,05; 23,39; 24,03; 23,94; 24,00; 24,03; 23,86; 24,60; 25,60; 25,73; 26,49; 27,66; 28,02; 31,66; 32,70; 33,32; 34,61; 36,24; 37,68; 39,32; 39,51; 40,97; 43,67
220;DE912;03102;NI;;;3;Salzgitter, Kreisfreie Stadt; 24,01; 24,29; 24,65; 25,25; 25,11; 25,32; 25,86; 25,85; 26,56; 27,69; 27,75; 28,37; 29,47; 30,53; 34,81; 35,87; 36,24; 37,16; 38,80; 40,08; 40,47; 39,90; 42,14; 44,98
221;DE913;03103;NI;;;3;Wolfsburg, Kreisfreie Stadt; 24,56; 24,59; 24,70; 25,08; 25,14; 25,46; 26,03; 25,63; 26,55; 27,88; 27,82; 28,01; 28,98; 30,10; 45,86; 47,56; 47,64; 49,21; 52,22; 55,20; 56,79; 53,85; 57,33; 60,98
222;DE914;03151;NI;;;3;Gifhorn, Landkreis; 22,40; 22,71; 23,02; 23,28; 23,23; 23,24; 23,20; 23,14; 23,68; 24,48; 24,78; 25,84; 26,96; 27,59; 26,15; 26,94; 27,68; 28,86; 30,34; 31,41; 32,71; 32,99; 34,34; 36,11
223;DE916;03153;NI;;;3;Goslar, Landkreis; 21,77; 22,20; 22,49; 22,97; 22,88; 22,84; 22,90; 22,89; 23,57; 24,37; 24,37; 25,25; 26,25; 26,94; 26,10; 26,66; 27,04; 28,04; 29,26; 30,35; 32,22; 32,32; 33,65; 35,64
224;DE917;03154;NI;;;3;Helmstedt, Landkreis; 22,75; 23,00; 23,19; 23,75; 23,84; 23,71; 23,51; 23,59; 23,63; 24,79; 24,92; 25,77; 26,84; 27,64; 25,13; 25,90; 26,08; 27,43; 28,72; 29,72; 31,03; 31,37; 32,61; 34,22
225;DE918;03155;NI;;;3;Northeim, Landkreis; 22,24; 22,55; 22,87; 23,36; 23,30; 23,45; 23,67; 23,76; 24,44; 25,32; 25,31; 26,18; 27,32; 28,05; 26,31; 27,17; 27,90; 28,97; 29,92; 30,96; 31,90; 32,14; 33,56; 35,41
226;DE91A;03157;NI;;;3;Peine, Landkreis; 22,41; 22,80; 23,12; 23,58; 23,40; 23,46; 23,56; 23,59; 24,04; 24,88; 24,83; 25,55; 26,63; 27,28; 26,11; 26,56; 26,76; 27,61; 28,91; 29,83; 31,31; 31,64; 32,71; 34,79
227;DE91B;03158;NI;;;3;Wolfenbüttel, Landkreis; 22,44; 22,82; 22,86; 23,48; 23,38; 23,23; 23,23; 23,18; 23,73; 24,55; 24,69; 25,56; 26,60; 27,09; 26,26; 26,91; 27,67; 28,74; 30,00; 30,87; 32,42; 32,59; 34,10; 35,64
228;DE91C;03159;NI;;;3;Göttingen, Landkreis; 22,82; 23,16; 23,34; 23,92; 23,90; 23,84; 23,89; 23,88; 24,54; 25,34; 25,28; 25,99; 26,93; 27,56; 28,03; 28,66; 29,41; 30,45; 31,80; 32,91; 34,59; 35,03; 36,17; 38,14
229;DE92;032;NI;;2;;Statistische Region Hannover; 22,45; 22,81; 23,06; 23,65; 23,73; 23,75; 23,77; 23,73; 24,19; 25,16; 25,31; 25,99; 27,05; 27,68; 29,42; 30,03; 30,62; 31,48; 32,88; 34,10; 35,51; 35,78; 36,81; 39,19
230;DE922;03251;NI;;;3;Diepholz, Landkreis; 21,83; 22,28; 22,63; 23,08; 22,92; 22,92; 23,04; 23,07; 23,60; 24,43; 24,58; 25,30; 26,28; 26,96; 25,23; 25,84; 26,40; 27,05; 28,19; 29,23; 30,10; 30,11; 31,31; 33,10
231;DE923;03252;NI;;;3;Hameln-Pyrmont, Landkreis; 23,41; 23,72; 23,92; 24,56; 24,37; 24,34; 24,40; 24,23; 24,86; 25,77; 25,76; 26,63; 27,82; 28,66; 28,41; 28,89; 29,59; 30,48; 31,90; 33,09; 34,34; 34,83; 36,29; 38,41
232;DE925;03254;NI;;;3;Hildesheim, Landkreis; 22,40; 22,81; 23,31; 23,78; 23,68; 23,74; 23,87; 23,88; 24,46; 25,44; 25,45; 26,15; 27,14; 27,99; 27,19; 27,63; 28,21; 29,15; 30,38; 31,49; 32,70; 34,35; 34,65; 36,77
233;DE926;03255;NI;;;3;Holzminden, Landkreis; 23,49; 23,99; 24,25; 24,82; 24,64; 24,59; 24,83; 24,81; 25,50; 26,49; 26,66; 27,70; 28,83; 29,87; 27,35; 27,92; 28,37; 29,28; 30,74; 31,81; 34,04; 34,59; 35,11; 37,27
234;DE927;03256;NI;;;3;Nienburg (Weser), Landkreis; 22,50; 22,87; 23,56; 23,88; 23,91; 23,96; 24,06; 24,14; 24,69; 25,64; 25,67; 26,44; 27,31; 27,97; 26,00; 26,37; 27,02; 27,86; 28,97; 29,95; 31,31; 31,64; 32,88; 34,80
235;DE928;03257;NI;;;3;Schaumburg, Landkreis; 22,43; 22,84; 22,95; 23,75; 23,62; 23,49; 23,81; 23,62; 24,05; 24,94; 25,07; 25,89; 26,75; 27,54; 26,06; 26,36; 27,08; 27,84; 28,97; 29,85; 31,49; 31,65; 31,79; 33,65
236;DE929;03241;NI;;;3;Region Hannover, Landkreis; 22,37; 22,70; 22,88; 23,51; 23,73; 23,75; 23,70; 23,66; 24,06; 25,05; 25,26; 25,88; 26,98; 27,52; 31,13; 31,83; 32,41; 33,31; 34,82; 36,14; 37,63; 37,66; 38,83; 41,43
237;DE93;033;NI;;2;;Statistische Region Lüneburg; 21,87; 22,26; 22,56; 23,11; 23,01; 22,98; 22,99; 23,05; 23,56; 24,42; 24,50; 25,29; 26,24; 26,90; 26,09; 26,64; 27,13; 27,97; 29,01; 30,09; 31,43; 31,64; 32,91; 34,78
238;DE931;03351;NI;;;3;Celle, Landkreis; 22,51; 22,88; 23,39; 23,96; 23,90; 23,92; 23,97; 23,96; 24,53; 25,54; 25,73; 26,56; 27,47; 28,14; 28,13; 28,72; 28,70; 29,60; 30,68; 31,71; 33,23; 33,28; 34,66; 36,61
239;DE932;03352;NI;;;3;Cuxhaven, Landkreis; 21,80; 22,19; 22,21; 22,90; 22,75; 22,60; 22,52; 22,51; 22,98; 23,89; 24,03; 24,87; 25,81; 26,50; 25,38; 25,69; 26,01; 26,66; 27,72; 28,71; 30,43; 30,28; 31,41; 33,18
240;DE933;03353;NI;;;3;Harburg, Landkreis; 20,95; 21,29; 21,39; 21,97; 21,95; 21,97; 22,02; 22,04; 22,45; 23,24; 23,38; 24,08; 25,04; 25,54; 25,29; 25,88; 26,47; 27,48; 28,43; 29,67; 30,92; 31,29; 32,57; 34,39
241;DE934;03354;NI;;;3;Lüchow-Dannenberg, Landkreis; 21,56; 22,00; 22,42; 22,83; 22,71; 22,74; 22,87; 22,93; 23,60; 24,33; 24,49; 25,59; 26,70; 27,64; 24,61; 24,99; 25,68; 26,29; 27,47; 28,33; 29,20; 29,36; 30,80; 32,73
242;DE935;03355;NI;;;3;Lüneburg, Landkreis; 22,15; 22,59; 22,77; 23,32; 23,31; 23,21; 23,15; 23,24; 23,77; 24,59; 24,74; 25,52; 26,50; 27,19; 26,16; 26,73; 27,43; 28,19; 29,48; 30,66; 32,16; 32,64; 34,09; 36,22
243;DE936;03356;NI;;;3;Osterholz, Landkreis; 22,36; 22,75; 22,95; 23,57; 23,38; 23,22; 23,08; 23,00; 23,45; 24,37; 24,35; 25,10; 26,00; 26,68; 24,70; 25,55; 26,07; 26,84; 27,84; 28,87; 30,16; 30,47; 31,61; 33,34
244;DE937;03357;NI;;;3;Rotenburg (Wümme), Landkreis; 21,71; 22,17; 22,55; 22,98; 22,91; 22,97; 22,98; 23,38; 23,93; 24,79; 24,66; 25,58; 26,40; 27,13; 24,83; 25,45; 25,98; 26,80; 27,86; 28,86; 30,30; 30,62; 31,78; 33,52
245;DE938;03358;NI;;;3;Heidekreis, Landkreis; 21,84; 22,23; 22,85; 23,47; 23,34; 23,39; 23,44; 23,60; 24,21; 25,11; 25,23; 25,93; 26,81; 27,52; 25,90; 26,45; 26,88; 27,78; 28,67; 29,75; 31,44; 31,56; 32,60; 34,24
246;DE939;03359;NI;;;3;Stade, Landkreis; 22,03; 22,38; 22,69; 23,16; 22,99; 22,93; 22,93; 22,89; 23,29; 24,10; 24,22; 24,89; 25,94; 26,53; 27,72; 28,31; 29,06; 29,95; 30,58; 31,62; 32,25; 32,50; 33,65; 35,40
247;DE93A;03360;NI;;;3;Uelzen, Landkreis; 21,27; 21,65; 22,04; 22,37; 22,27; 22,30; 22,32; 22,40; 22,90; 23,70; 23,66; 24,42; 25,34; 25,96; 24,20; 24,66; 25,31; 26,18; 27,46; 28,67; 30,07; 30,08; 31,51; 33,76
248;DE93B;03361;NI;;;3;Verden, Landkreis; 22,07; 22,40; 22,70; 23,26; 23,08; 23,06; 23,19; 23,15; 23,67; 24,47; 24,55; 25,32; 26,42; 27,11; 27,19; 27,66; 28,23; 29,07; 30,36; 31,48; 32,61; 32,90; 34,31; 36,33
249;DE94;034;NI;;2;;Statistische Region Weser-Ems; 22,12; 22,47; 22,75; 23,33; 23,26; 23,23; 23,29; 23,28; 23,80; 24,65; 24,71; 25,43; 26,42; 27,10; 26,05; 26,61; 27,17; 27,96; 29,19; 30,20; 31,54; 31,71; 33,08; 35,05
250;DE941;03401;NI;;;3;Delmenhorst, Kreisfreie Stadt; 21,93; 22,45; 22,94; 23,36; 23,35; 23,47; 23,55; 23,74; 24,11; 24,98; 25,03; 25,59; 26,56; 27,56; 25,02; 25,73; 25,70; 26,39; 27,63; 28,79; 30,18; 29,98; 31,18; 33,16
251;DE942;03402;NI;;;3;Emden, Kreisfreie Stadt; 23,30; 23,49; 23,81; 24,40; 24,38; 24,31; 24,64; 24,46; 25,15; 26,30; 26,23; 26,37; 27,08; 28,02; 30,62; 31,38; 32,34; 33,13; 35,02; 36,65; 37,15; 35,67; 37,98; 40,37
252;DE943;03403;NI;;;3;Oldenburg (Oldb), Kreisfreie Stadt; 22,66; 23,10; 23,32; 24,17; 23,97; 23,91; 23,76; 23,83; 24,62; 25,48; 25,63; 26,41; 27,48; 27,95; 28,54; 29,09; 29,77; 30,90; 32,19; 33,39; 35,23; 35,30; 36,58; 38,94
253;DE944;03404;NI;;;3;Osnabrück, Kreisfreie Stadt; 22,10; 22,47; 22,83; 23,34; 23,40; 23,41; 23,39; 23,28; 23,78; 24,66; 24,63; 25,18; 26,29; 26,91; 28,39; 28,94; 29,58; 30,34; 31,70; 32,76; 34,36; 34,91; 36,18; 38,55
254;DE945;03405;NI;;;3;Wilhelmshaven, Kreisfreie Stadt; 22,24; 22,57; 22,75; 23,62; 23,46; 23,51; 23,33; 23,53; 24,39; 25,47; 25,37; 26,15; 27,05; 27,70; 28,75; 29,12; 29,25; 29,88; 30,98; 31,77; 33,54; 33,44; 34,81; 36,43
255;DE946;03451;NI;;;3;Ammerland, Landkreis; 20,86; 21,16; 21,31; 21,76; 21,65; 21,66; 21,75; 21,77; 22,37; 23,06; 23,24; 24,12; 25,07; 25,70; 25,50; 26,16; 26,75; 27,50; 28,47; 29,39; 30,69; 31,06; 32,40; 34,34
256;DE947;03452;NI;;;3;Aurich, Landkreis; 20,87; 21,21; 21,46; 22,10; 22,02; 21,84; 21,74; 21,77; 22,38; 23,31; 23,41; 24,28; 25,33; 25,99; 23,30; 23,94; 24,67; 25,47; 26,67; 27,53; 28,92; 29,21; 30,50; 32,40
257;DE948;03453;NI;;;3;Cloppenburg, Landkreis; 22,16; 22,50; 22,71; 23,33; 23,25; 23,19; 23,28; 23,28; 23,70; 24,49; 24,56; 25,35; 26,21; 26,86; 23,68; 24,18; 24,53; 25,31; 26,54; 27,39; 28,58; 28,73; 30,17; 31,95
258;DE949;03454;NI;;;3;Emsland, Landkreis; 22,41; 22,77; 23,04; 23,67; 23,62; 23,70; 23,85; 23,79; 24,21; 25,17; 25,27; 25,96; 26,96; 27,67; 26,21; 26,65; 27,16; 27,96; 29,33; 30,39; 31,60; 31,83; 33,09; 34,97
259;DE94A;03455;NI;;;3;Friesland, Landkreis; 22,09; 22,61; 22,92; 23,76; 23,48; 23,31; 23,26; 22,93; 23,46; 24,29; 24,32; 25,07; 26,14; 26,94; 26,17; 27,00; 27,53; 28,42; 29,41; 30,46; 31,35; 31,50; 32,96; 34,48
260;DE94B;03456;NI;;;3;Grafschaft Bentheim, Landkreis; 22,34; 22,63; 23,22; 23,51; 23,65; 23,51; 23,48; 23,63; 23,86; 24,83; 24,83; 25,68; 26,58; 27,20; 24,98; 25,53; 25,94; 26,65; 27,96; 29,07; 30,54; 30,76; 32,15; 34,17
261;DE94C;03457;NI;;;3;Leer, Landkreis; 21,25; 21,54; 21,94; 22,56; 22,52; 22,42; 22,24; 22,31; 22,98; 23,67; 23,71; 24,58; 25,66; 26,14; 24,49; 25,11; 25,51; 26,21; 27,29; 28,19; 29,46; 29,64; 30,79; 32,57
262;DE94D;03458;NI;;;3;Oldenburg, Landkreis; 22,14; 22,48; 22,72; 23,14; 22,94; 22,85; 22,89; 22,85; 23,14; 23,87; 23,83; 24,49; 25,44; 26,10; 23,98; 24,41; 25,21; 25,92; 26,93; 27,76; 28,92; 28,72; 30,09; 31,91
263;DE94E;03459;NI;;;3;Osnabrück, Landkreis; 22,38; 22,62; 22,86; 23,32; 23,21; 23,20; 23,34; 23,32; 23,73; 24,53; 24,52; 25,28; 26,33; 27,06; 24,91; 25,32; 25,96; 26,76; 27,87; 28,73; 30,10; 30,64; 32,07; 33,93
264;DE94F;03460;NI;;;3;Vechta, Landkreis; 21,91; 22,35; 22,60; 23,18; 23,16; 23,25; 23,49; 23,55; 23,93; 24,46; 24,66; 25,38; 26,27; 27,13; 25,07; 25,62; 26,45; 27,26; 28,48; 29,35; 30,56; 30,75; 32,38; 34,12
265;DE94G;03461;NI;;;3;Wesermarsch, Landkreis; 22,74; 23,09; 23,39; 23,84; 23,73; 23,71; 24,22; 24,29; 24,86; 25,85; 26,01; 26,71; 27,84; 28,60; 28,87; 30,00; 30,61; 31,48; 32,93; 34,54; 35,61; 35,29; 36,41; 38,84
266;DE94H;03462;NI;;;3;Wittmund, Landkreis; 21,01; 21,59; 21,65; 22,44; 22,35; 22,13; 22,27; 22,27; 23,02; 23,82; 23,82; 24,68; 25,49; 26,04; 23,45; 24,25; 24,66; 25,30; 26,25; 27,13; 28,89; 29,17; 30,54; 32,33
267;DEA;05;NW;1;;;Nordrhein-Westfalen; 24,49; 24,79; 25,18; 25,57; 25,75; 25,94; 25,53; 25,60; 26,22; 27,29; 27,50; 28,15; 29,38; 30,04; 30,76; 31,35; 32,06; 32,93; 34,11; 35,23; 36,46; 36,77; 38,06; 40,22
268;DEA1;051;NW;;2;;Düsseldorf, Regierungsbezirk; 25,32; 25,61; 26,03; 26,46; 26,69; 26,99; 26,56; 26,63; 27,33; 28,46; 28,69; 29,39; 30,69; 31,35; 32,18; 32,83; 33,49; 34,39; 35,60; 36,82; 38,11; 38,39; 39,74; 41,99
269;DEA11;05111;NW;;;3;Düsseldorf, Kreisfreie Stadt; 27,87; 28,16; 28,88; 29,47; 29,99; 30,48; 29,79; 29,61; 30,69; 31,75; 32,24; 33,11; 34,80; 35,66; 36,96; 38,13; 38,83; 39,79; 41,16; 42,35; 43,99; 44,34; 46,15; 48,61
270;DEA12;05112;NW;;;3;Duisburg, Kreisfreie Stadt; 25,05; 25,41; 25,60; 26,01; 26,25; 26,36; 26,02; 26,36; 27,22; 27,99; 28,39; 29,31; 30,53; 31,29; 32,26; 32,80; 33,36; 34,09; 35,18; 36,64; 37,46; 37,55; 38,91; 41,13
271;DEA13;05113;NW;;;3;Essen, Kreisfreie Stadt; 25,75; 25,89; 26,26; 26,74; 26,98; 27,28; 26,78; 26,81; 27,52; 28,94; 29,17; 30,09; 31,45; 31,79; 32,66; 33,08; 33,43; 34,66; 36,06; 37,41; 39,10; 39,56; 40,91; 43,82
272;DEA14;05114;NW;;;3;Krefeld, Kreisfreie Stadt; 26,16; 26,39; 26,86; 26,96; 27,21; 27,33; 26,78; 27,18; 27,88; 29,00; 29,04; 29,60; 30,98; 31,54; 32,09; 32,72; 33,29; 33,98; 35,02; 36,66; 37,87; 38,53; 39,69; 41,65
273;DEA15;05116;NW;;;3;Mönchengladbach, Kreisfreie Stadt; 23,47; 23,93; 24,25; 24,60; 24,51; 24,68; 24,15; 24,19; 25,08; 26,17; 26,24; 26,68; 27,80; 28,36; 28,94; 29,15; 29,70; 30,12; 31,54; 32,65; 33,47; 33,93; 35,09; 36,97
274;DEA16;05117;NW;;;3;Mülheim an der Ruhr, Kreisfreie Stadt; 25,14; 25,72; 26,27; 26,71; 26,86; 27,41; 27,23; 27,13; 28,22; 29,23; 29,23; 29,82; 31,29; 31,67; 32,87; 33,81; 34,37; 34,88; 36,72; 38,08; 39,36; 39,26; 40,96; 43,45
275;DEA17;05119;NW;;;3;Oberhausen, Kreisfreie Stadt; 24,15; 24,25; 24,48; 24,84; 25,08; 25,38; 25,11; 24,96; 25,60; 26,99; 26,67; 27,64; 28,97; 29,59; 30,05; 30,62; 31,20; 32,02; 32,99; 33,96; 35,24; 34,98; 35,84; 37,77
276;DEA18;05120;NW;;;3;Remscheid, Kreisfreie Stadt; 25,14; 25,55; 25,60; 25,93; 26,21; 26,90; 26,49; 27,19; 27,18; 28,38; 28,57; 29,01; 30,09; 30,41; 31,48; 31,94; 32,49; 33,60; 34,76; 36,19; 37,17; 37,43; 38,35; 40,51
277;DEA19;05122;NW;;;3;Solingen, Kreisfreie Stadt; 22,72; 22,85; 23,34; 23,75; 23,90; 24,12; 23,66; 23,85; 24,12; 25,03; 25,29; 25,62; 27,11; 27,73; 28,49; 29,15; 30,02; 30,53; 31,77; 32,94; 34,17; 34,86; 35,95; 37,55
278;DEA1A;05124;NW;;;3;Wuppertal, Kreisfreie Stadt; 25,08; 25,28; 25,50; 25,96; 26,27; 26,63; 26,17; 26,32; 26,96; 28,16; 28,20; 28,50; 29,86; 30,84; 31,50; 32,01; 33,01; 33,80; 35,00; 36,04; 37,48; 37,12; 39,12; 40,50
279;DEA1B;05154;NW;;;3;Kleve, Kreis; 21,68; 21,97; 22,23; 22,37; 22,38; 22,43; 22,00; 21,89; 22,33; 23,11; 23,13; 23,72; 24,83; 25,47; 25,81; 26,22; 26,93; 27,80; 28,92; 29,76; 30,93; 31,12; 32,22; 34,33
280;DEA1C;05158;NW;;;3;Mettmann, Kreis; 25,40; 25,66; 26,31; 26,63; 26,71; 27,26; 27,12; 27,19; 27,83; 29,05; 29,48; 30,12; 31,47; 32,01; 32,89; 33,48; 34,31; 35,72; 37,02; 38,16; 39,39; 39,89; 40,90; 43,59
281;DEA1D;05162;NW;;;3;Rhein-Kreis Neuss, Kreis; 26,20; 26,35; 26,91; 27,51; 27,39; 27,71; 27,36; 27,71; 28,21; 29,44; 29,57; 30,16; 31,34; 32,04; 32,69; 33,34; 34,18; 35,10; 35,96; 37,37; 38,34; 38,53; 39,54; 41,30
282;DEA1E;05166;NW;;;3;Viersen, Kreis; 22,98; 23,32; 23,64; 23,96; 24,37; 24,35; 24,03; 23,97; 24,05; 25,05; 25,08; 25,56; 26,67; 27,19; 27,62; 28,10; 28,78; 29,40; 30,34; 31,10; 32,01; 32,19; 33,20; 35,04
283;DEA1F;05170;NW;;;3;Wesel, Kreis; 23,23; 23,76; 23,77; 24,24; 24,62; 24,28; 23,99; 23,89; 24,19; 25,31; 25,67; 26,44; 26,86; 27,66; 28,24; 28,61; 29,21; 30,04; 30,89; 31,96; 33,19; 33,56; 34,56; 36,52
284;DEA2;053;NW;;2;;Köln, Regierungsbezirk; 25,40; 25,67; 26,11; 26,53; 26,66; 26,79; 26,30; 26,36; 27,07; 28,16; 28,40; 29,14; 30,46; 31,07; 31,92; 32,55; 33,38; 34,31; 35,60; 36,81; 38,13; 38,38; 39,82; 42,03
285;DEA22;05314;NW;;;3;Bonn, Kreisfreie Stadt; 26,66; 27,29; 27,89; 28,39; 28,45; 28,64; 27,84; 27,93; 28,88; 30,10; 30,60; 31,54; 33,19; 33,81; 35,00; 35,86; 36,60; 37,47; 38,99; 40,73; 42,47; 42,82; 44,16; 46,48
286;DEA23;05315;NW;;;3;Köln, Kreisfreie Stadt; 27,32; 27,42; 28,03; 28,51; 28,71; 28,90; 28,25; 28,20; 29,15; 30,41; 30,50; 31,17; 32,79; 33,49; 34,50; 35,30; 36,22; 37,15; 38,67; 39,95; 41,45; 41,70; 43,05; 45,42
287;DEA24;05316;NW;;;3;Leverkusen, Kreisfreie Stadt; 30,19; 30,28; 30,47; 30,73; 30,52; 30,29; 29,96; 30,74; 31,00; 32,54; 33,04; 34,27; 35,77; 36,79; 36,36; 36,94; 39,34; 40,33; 41,84; 43,12; 43,27; 42,46; 45,18; 47,54
288;DEA26;05358;NW;;;3;Düren, Kreis; 23,42; 23,54; 24,11; 24,80; 24,96; 24,95; 24,60; 24,75; 25,30; 26,25; 26,35; 27,35; 27,87; 28,52; 29,32; 29,56; 29,88; 31,12; 32,03; 33,04; 34,67; 34,91; 36,39; 38,34
289;DEA27;05362;NW;;;3;Rhein-Erft-Kreis; 24,99; 25,12; 25,34; 25,87; 26,17; 26,42; 26,11; 26,25; 26,47; 27,67; 27,80; 28,56; 29,53; 29,89; 30,80; 31,04; 31,58; 32,53; 33,08; 34,32; 35,82; 36,10; 38,30; 40,17
290;DEA28;05366;NW;;;3;Euskirchen, Kreis; 22,49; 22,95; 23,06; 23,32; 23,55; 23,69; 23,25; 23,11; 23,66; 24,60; 24,80; 25,30; 26,35; 26,91; 27,20; 27,45; 28,56; 29,37; 30,62; 31,53; 32,89; 33,53; 34,81; 36,65
291;DEA29;05370;NW;;;3;Heinsberg, Kreis; 20,72; 21,13; 21,46; 21,72; 21,62; 21,64; 21,44; 21,91; 22,68; 23,01; 23,45; 24,04; 25,27; 25,84; 26,39; 26,70; 27,37; 28,02; 29,11; 30,24; 31,34; 31,61; 32,64; 35,03
292;DEA2A;05374;NW;;;3;Oberbergischer Kreis; 24,02; 23,94; 24,37; 24,60; 24,82; 24,96; 24,77; 24,91; 25,65; 26,35; 26,54; 26,94; 28,36; 28,95; 29,66; 30,43; 30,93; 32,02; 33,39; 34,68; 35,25; 35,67; 36,66; 39,14
293;DEA2B;05378;NW;;;3;Rheinisch-Bergischer Kreis; 23,00; 23,61; 23,69; 24,03; 24,24; 24,43; 24,17; 24,18; 24,66; 25,54; 25,98; 26,60; 27,58; 28,04; 28,91; 29,65; 30,17; 31,07; 32,62; 33,45; 34,19; 34,94; 36,37; 38,14
294;DEA2C;05382;NW;;;3;Rhein-Sieg-Kreis; 23,09; 23,44; 23,76; 24,09; 24,09; 24,12; 23,63; 23,67; 24,11; 24,78; 25,18; 25,64; 26,84; 27,47; 28,04; 28,58; 29,33; 30,12; 31,27; 32,17; 33,34; 33,52; 35,03; 36,99
295;DEA2D;05334;NW;;;3;Städteregion Aachen, Kreis; 24,27; 24,71; 25,06; 25,55; 25,67; 25,74; 25,35; 25,23; 25,91; 27,15; 27,43; 28,37; 29,41; 29,93; 30,90; 31,63; 32,45; 33,48; 34,55; 35,64; 36,94; 37,09; 38,22; 40,21
296;DEA3;055;NW;;2;;Münster, Regierungsbezirk; 23,23; 23,74; 23,91; 24,25; 24,51; 24,55; 24,11; 24,16; 24,63; 25,74; 25,92; 26,60; 27,67; 28,31; 28,79; 29,24; 29,91; 30,75; 31,75; 32,71; 33,92; 34,37; 35,48; 37,49
297;DEA31;05512;NW;;;3;Bottrop, Kreisfreie Stadt; 23,00; 23,64; 23,80; 24,21; 25,13; 24,56; 23,85; 23,57; 23,77; 25,38; 25,46; 27,32; 26,63; 28,03; 28,03; 28,58; 28,80; 30,80; 30,53; 30,64; 31,92; 32,27; 33,33; 34,97
298;DEA32;05513;NW;;;3;Gelsenkirchen, Kreisfreie Stadt; 24,15; 24,79; 24,94; 25,10; 25,15; 25,43; 24,78; 25,09; 25,84; 27,47; 27,57; 27,99; 29,45; 30,01; 30,45; 30,70; 31,43; 32,43; 33,12; 34,14; 35,84; 36,50; 37,09; 38,78
299;DEA33;05515;NW;;;3;Münster, Kreisfreie Stadt; 25,31; 25,82; 26,43; 26,80; 27,00; 27,16; 26,52; 26,50; 27,23; 28,41; 28,63; 28,92; 30,28; 30,96; 31,86; 32,75; 33,71; 34,35; 35,57; 36,69; 38,02; 38,25; 39,28; 41,74
300;DEA34;05554;NW;;;3;Borken, Kreis; 22,18; 22,40; 22,69; 22,93; 22,99; 23,02; 22,70; 22,90; 23,32; 24,38; 24,49; 24,96; 26,11; 26,59; 27,04; 27,41; 28,23; 28,90; 29,93; 31,05; 32,12; 32,37; 33,43; 35,56
301;DEA35;05558;NW;;;3;Coesfeld, Kreis; 21,23; 21,74; 22,08; 22,44; 22,42; 22,42; 22,14; 22,15; 22,36; 23,35; 23,70; 24,19; 25,29; 25,95; 26,30; 26,71; 27,41; 28,32; 29,52; 30,38; 31,44; 31,95; 33,14; 35,15
302;DEA36;05562;NW;;;3;Recklinghausen, Kreis; 23,63; 24,11; 24,45; 24,86; 25,32; 25,24; 24,76; 24,69; 25,12; 26,04; 26,26; 27,26; 28,36; 28,62; 28,86; 29,11; 29,41; 30,36; 31,25; 32,06; 33,01; 33,84; 35,05; 36,64
303;DEA37;05566;NW;;;3;Steinfurt, Kreis; 21,81; 22,15; 22,33; 22,63; 22,96; 22,97; 22,59; 22,54; 22,83; 23,92; 24,11; 24,97; 25,90; 26,85; 27,13; 27,60; 28,31; 29,23; 30,28; 31,18; 32,35; 32,75; 33,96; 36,06
304;DEA38;05570;NW;;;3;Warendorf, Kreis; 23,39; 24,50; 23,24; 23,68; 23,87; 24,06; 24,01; 24,35; 24,83; 25,61; 25,77; 26,51; 27,45; 28,19; 29,12; 29,41; 30,00; 30,59; 31,94; 32,96; 34,27; 34,65; 36,04; 38,07
305;DEA4;057;NW;;2;;Detmold, Regierungsbezirk; 23,00; 23,35; 23,68; 24,02; 24,12; 24,35; 24,06; 24,14; 24,63; 25,63; 25,77; 26,35; 27,49; 28,10; 28,87; 29,43; 30,03; 30,79; 31,94; 32,94; 34,12; 34,52; 35,74; 37,81
306;DEA41;05711;NW;;;3;Bielefeld, Kreisfreie Stadt; 24,12; 24,67; 24,88; 25,33; 25,47; 25,81; 25,33; 25,26; 25,78; 26,80; 26,92; 27,45; 28,40; 29,25; 30,09; 30,59; 31,01; 31,92; 32,99; 34,02; 35,20; 35,50; 36,92; 39,07
307;DEA42;05754;NW;;;3;Gütersloh, Kreis; 23,88; 24,17; 24,43; 24,79; 24,81; 25,03; 24,77; 25,08; 25,52; 26,79; 26,95; 27,35; 28,49; 28,81; 29,56; 30,28; 30,78; 31,37; 32,44; 33,31; 34,87; 35,37; 36,62; 38,77
308;DEA43;05758;NW;;;3;Herford, Kreis; 23,16; 23,28; 23,70; 23,96; 24,01; 24,17; 23,85; 23,83; 24,32; 25,23; 25,16; 25,54; 26,72; 27,47; 28,09; 28,54; 29,33; 30,00; 30,84; 31,79; 32,89; 33,35; 34,57; 36,46
309;DEA44;05762;NW;;;3;Höxter, Kreis; 20,86; 21,27; 21,39; 21,73; 21,76; 21,94; 21,49; 21,61; 22,09; 23,03; 23,28; 24,29; 25,34; 25,82; 26,36; 26,56; 27,28; 27,96; 29,08; 30,01; 31,13; 31,06; 32,32; 34,07
310;DEA45;05766;NW;;;3;Lippe, Kreis; 22,64; 22,90; 23,33; 23,59; 23,71; 23,97; 23,95; 23,99; 24,32; 25,22; 25,59; 26,26; 27,42; 28,11; 28,98; 29,53; 30,33; 31,14; 32,57; 33,71; 34,77; 35,15; 36,10; 38,28
311;DEA46;05770;NW;;;3;Minden-Lübbecke, Kreis; 22,32; 22,67; 22,99; 23,30; 23,44; 23,69; 23,26; 23,29; 23,85; 24,72; 24,92; 25,58; 26,80; 27,47; 28,44; 28,98; 29,49; 30,35; 31,56; 32,68; 33,70; 34,06; 35,50; 37,55
312;DEA47;05774;NW;;;3;Paderborn, Kreis; 22,35; 22,73; 23,18; 23,55; 23,73; 23,87; 23,71; 23,82; 24,41; 25,33; 25,38; 26,00; 27,19; 27,69; 28,28; 28,92; 29,56; 30,33; 31,51; 32,48; 33,50; 34,01; 34,95; 36,92
313;DEA5;059;NW;;2;;Arnsberg, Regierungsbezirk; 23,80; 23,99; 24,46; 24,81; 24,98; 25,14; 24,78; 24,90; 25,46; 26,42; 26,62; 27,13; 28,29; 29,05; 29,62; 30,15; 30,86; 31,69; 32,84; 33,87; 34,98; 35,23; 36,43; 38,51
314;DEA51;05911;NW;;;3;Bochum, Kreisfreie Stadt; 24,59; 24,73; 25,32; 25,75; 25,90; 25,85; 25,21; 25,21; 25,85; 26,64; 27,01; 27,66; 28,92; 29,71; 30,34; 30,63; 31,24; 32,08; 33,06; 34,59; 35,94; 36,05; 37,65; 39,56
315;DEA52;05913;NW;;;3;Dortmund, Kreisfreie Stadt; 24,67; 24,83; 25,43; 25,87; 25,93; 26,21; 25,67; 25,66; 26,29; 27,31; 27,33; 27,90; 29,25; 30,09; 30,62; 31,51; 32,33; 32,91; 34,01; 35,10; 36,59; 36,69; 37,87; 39,92
316;DEA53;05914;NW;;;3;Hagen, Kreisfreie Stadt; 24,20; 24,48; 24,96; 25,53; 25,57; 25,76; 25,49; 25,62; 26,08; 26,83; 27,18; 28,00; 29,04; 29,81; 30,22; 30,66; 31,09; 31,93; 33,09; 34,21; 35,09; 35,56; 36,57; 38,38
317;DEA54;05915;NW;;;3;Hamm, Kreisfreie Stadt; 22,95; 23,21; 23,37; 23,61; 24,01; 23,88; 23,63; 23,66; 23,91; 25,08; 25,30; 25,59; 26,73; 27,14; 27,66; 28,43; 29,03; 29,73; 30,88; 31,90; 33,28; 33,50; 34,68; 36,71
318;DEA55;05916;NW;;;3;Herne, Kreisfreie Stadt; 24,54; 25,11; 24,75; 24,67; 26,00; 26,00; 23,89; 24,51; 25,42; 26,18; 26,89; 28,00; 27,89; 29,10; 30,05; 30,33; 31,07; 32,77; 32,64; 32,85; 33,73; 33,71; 34,86; 36,82
319;DEA56;05954;NW;;;3;Ennepe-Ruhr-Kreis; 23,90; 24,09; 24,71; 24,91; 25,12; 25,32; 25,05; 25,21; 25,94; 26,82; 27,07; 27,39; 28,58; 29,13; 29,80; 30,42; 30,88; 32,03; 33,24; 34,30; 34,90; 35,18; 36,40; 38,37
320;DEA57;05958;NW;;;3;Hochsauerlandkreis; 22,38; 22,44; 22,98; 23,09; 23,24; 23,48; 23,29; 23,31; 23,84; 24,81; 25,21; 25,63; 26,64; 27,27; 27,76; 28,19; 28,78; 29,70; 30,81; 31,83; 33,00; 33,35; 34,53; 36,47
321;DEA58;05962;NW;;;3;Märkischer Kreis; 24,05; 24,18; 24,72; 25,04; 25,22; 25,35; 25,38; 25,66; 26,12; 26,95; 27,16; 27,53; 28,85; 29,79; 30,23; 30,79; 31,64; 32,42; 33,73; 34,61; 35,31; 35,72; 36,84; 39,17
322;DEA59;05966;NW;;;3;Olpe, Kreis; 22,69; 22,75; 23,33; 23,70; 23,63; 23,89; 23,96; 24,02; 24,32; 25,71; 25,83; 25,90; 27,29; 27,93; 28,30; 28,86; 29,87; 30,80; 32,22; 33,19; 33,97; 34,48; 35,41; 37,70
323;DEA5A;05970;NW;;;3;Siegen-Wittgenstein, Kreis; 24,50; 24,72; 24,99; 25,45; 25,58; 25,74; 25,77; 26,15; 26,90; 28,01; 27,96; 28,76; 29,82; 30,66; 31,40; 31,56; 32,25; 32,96; 34,37; 35,26; 35,98; 36,22; 37,66; 39,80
324;DEA5B;05974;NW;;;3;Soest, Kreis; 22,52; 22,76; 23,13; 23,62; 23,69; 23,87; 23,55; 23,59; 23,96; 25,07; 25,37; 25,58; 26,63; 27,40; 28,13; 28,44; 29,35; 30,32; 31,56; 32,73; 33,96; 34,32; 35,46; 37,53
325;DEA5C;05978;NW;;;3;Unna, Kreis; 22,68; 22,87; 23,43; 23,86; 23,88; 24,08; 23,78; 23,80; 24,36; 25,25; 25,30; 25,80; 27,18; 27,77; 28,23; 28,95; 29,64; 30,27; 31,45; 32,31; 33,82; 33,93; 34,96; 37,15
326;DEB;07;RP;1;;;Rheinland-Pfalz; 23,38; 23,85; 24,05; 24,45; 24,56; 24,63; 24,46; 24,55; 24,84; 25,86; 25,93; 26,44; 27,43; 28,50; 28,87; 29,58; 30,31; 31,19; 32,18; 33,38; 34,76; 35,11; 36,94; 38,67
327;DEB1;071;RP;;2;;Statistische Region Koblenz; 22,12; 22,52; 22,79; 23,09; 23,26; 23,28; 23,11; 23,19; 23,44; 24,35; 24,54; 24,94; 25,87; 26,76; 27,06; 27,81; 28,69; 29,69; 30,53; 31,74; 33,10; 33,55; 34,92; 36,99
328;DEB11;07111;RP;;;3;Koblenz, Kreisfreie Stadt; 22,92; 23,30; 23,93; 24,30; 24,71; 24,87; 24,68; 24,71; 25,31; 26,42; 26,62; 27,41; 28,42; 29,66; 29,97; 30,67; 31,86; 32,60; 33,26; 34,67; 36,38; 37,08; 38,60; 41,38
329;DEB12;07131;RP;;;3;Ahrweiler, Landkreis; 22,41; 22,77; 22,85; 23,12; 22,54; 22,53; 22,32; 22,39; 22,50; 23,70; 23,71; 24,18; 24,82; 25,85; 26,05; 26,66; 27,62; 28,43; 29,35; 30,11; 31,66; 32,31; 33,72; 35,68
330;DEB13;07132;RP;;;3;Altenkirchen (Westerwald), Landkreis; 21,52; 22,43; 22,37; 22,53; 22,68; 22,83; 22,67; 22,80; 23,05; 23,83; 24,09; 24,16; 25,42; 25,97; 26,26; 27,32; 28,12; 28,92; 30,18; 31,50; 32,29; 32,83; 33,76; 36,05
331;DEB14;07133;RP;;;3;Bad Kreuznach, Landkreis; 22,06; 22,43; 22,73; 23,19; 23,34; 23,30; 23,25; 23,32; 23,59; 24,32; 24,66; 24,66; 25,75; 26,74; 27,00; 27,94; 28,78; 29,72; 30,38; 31,62; 32,57; 32,66; 34,26; 36,24
332;DEB15;07134;RP;;;3;Birkenfeld, Landkreis; 20,61; 21,12; 20,97; 21,55; 21,80; 21,73; 21,63; 21,66; 22,01; 22,95; 23,02; 23,53; 24,35; 25,29; 25,78; 26,56; 27,25; 27,98; 28,79; 30,14; 31,24; 31,61; 34,17; 34,88
333;DEB17;07137;RP;;;3;Mayen-Koblenz, Landkreis; 22,41; 22,52; 22,69; 22,89; 23,16; 23,13; 22,89; 22,75; 22,63; 23,69; 23,96; 24,21; 25,05; 25,64; 25,85; 26,65; 28,00; 29,54; 30,38; 31,58; 32,99; 33,25; 34,68; 36,10
334;DEB18;07138;RP;;;3;Neuwied, Landkreis; 23,01; 23,44; 23,82; 24,06; 24,29; 24,34; 24,09; 24,26; 24,58; 25,31; 25,41; 25,60; 26,36; 27,39; 27,64; 28,43; 29,10; 30,08; 30,88; 32,27; 33,56; 33,76; 34,82; 37,21
335;DEB1A;07141;RP;;;3;Rhein-Lahn-Kreis; 21,50; 22,05; 22,36; 22,66; 22,79; 22,93; 22,74; 23,08; 23,19; 24,14; 24,42; 25,06; 25,71; 26,20; 26,87; 27,56; 28,16; 29,23; 29,98; 31,15; 32,94; 33,60; 34,81; 36,78
336;DEB1B;07143;RP;;;3;Westerwaldkreis; 22,05; 22,37; 22,71; 22,92; 23,04; 22,90; 22,71; 22,90; 23,02; 23,91; 24,10; 24,43; 25,65; 26,49; 26,79; 27,32; 27,90; 28,94; 29,83; 30,77; 32,03; 32,67; 34,00; 36,12
337;DEB1C;07135;RP;;;3;Cochem-Zell, Landkreis; 20,14; 20,39; 20,77; 21,24; 21,36; 21,48; 21,32; 21,22; 21,49; 22,37; 22,52; 23,45; 24,33; 25,08; 25,16; 25,62; 26,39; 27,36; 28,24; 29,23; 30,72; 30,94; 32,15; 34,24
338;DEB1D;07140;RP;;;3;Rhein-Hunsrück-Kreis; 21,82; 22,33; 22,36; 22,57; 22,76; 22,67; 22,45; 22,59; 23,09; 23,75; 23,93; 24,38; 25,03; 26,07; 26,56; 27,40; 28,08; 29,19; 30,24; 31,47; 32,90; 33,41; 34,33; 36,41
339;DEB2;072;RP;;2;;Statistische Region Trier; 21,64; 22,05; 22,27; 22,56; 22,74; 22,56; 22,36; 22,56; 22,62; 23,51; 23,71; 24,05; 24,66; 25,76; 26,36; 27,10; 27,83; 28,75; 29,72; 30,82; 32,49; 32,83; 33,90; 35,90
340;DEB21;07211;RP;;;3;Trier, Kreisfreie Stadt; 22,83; 23,29; 23,51; 23,90; 24,08; 23,85; 23,54; 23,66; 23,97; 25,16; 25,19; 25,45; 26,53; 27,65; 27,97; 28,38; 29,48; 30,30; 31,23; 32,44; 34,35; 34,64; 35,99; 37,89
341;DEB22;07231;RP;;;3;Bernkastel-Wittlich, Landkreis; 21,09; 21,53; 21,74; 21,82; 22,02; 21,89; 21,89; 21,92; 22,51; 23,17; 23,24; 23,67; 24,17; 25,22; 25,66; 26,65; 26,96; 27,66; 28,44; 29,44; 31,32; 31,29; 32,24; 34,37
342;DEB23;07232;RP;;;3;Eifelkreis Bitburg-Prüm; 21,58; 22,00; 22,16; 22,49; 22,85; 22,81; 22,53; 23,13; 23,30; 24,19; 24,45; 24,70; 25,22; 26,40; 26,62; 27,52; 28,22; 29,14; 30,47; 31,53; 33,41; 34,03; 35,15; 37,26
343;DEB24;07233;RP;;;3;Vulkaneifel, Landkreis; 21,21; 21,50; 21,74; 21,82; 22,15; 21,96; 21,75; 21,89; 22,28; 23,04; 23,41; 23,77; 24,41; 25,24; 25,62; 26,52; 27,33; 28,47; 29,53; 30,72; 32,00; 32,43; 33,31; 35,31
344;DEB25;07235;RP;;;3;Trier-Saarburg, Landkreis; 20,29; 20,63; 20,88; 21,36; 21,23; 20,99; 20,79; 21,01; 19,76; 20,42; 20,94; 21,44; 21,58; 22,79; 24,50; 25,28; 25,88; 27,13; 28,08; 29,07; 30,20; 30,83; 31,69; 33,61
345;DEB3;073;RP;;2;;Statistische Region Rheinhessen-Pfalz; 24,76; 25,31; 25,44; 25,94; 26,00; 26,18; 26,01; 26,08; 26,44; 27,57; 27,52; 28,15; 29,27; 30,45; 30,82; 31,49; 32,12; 32,90; 34,02; 35,23; 36,53; 36,82; 39,16; 40,57
346;DEB31;07311;RP;;;3;Frankenthal (Pfalz), Kreisfreie Stadt; 25,13; 25,90; 25,99; 26,58; 27,18; 26,90; 26,67; 27,29; 28,95; 30,36; 31,13; 31,01; 32,02; 33,58; 34,93; 34,69; 35,15; 35,66; 36,33; 36,83; 38,02; 37,87; 39,25; 41,22
347;DEB32;07312;RP;;;3;Kaiserslautern, Kreisfreie Stadt; 24,29; 24,43; 24,73; 25,17; 25,39; 25,15; 25,16; 25,29; 25,58; 26,34; 26,71; 26,99; 27,97; 29,09; 29,92; 30,61; 31,23; 32,15; 33,24; 34,34; 35,88; 36,34; 40,25; 39,46
348;DEB33;07313;RP;;;3;Landau in der Pfalz, Kreisfreie Stadt; 22,46; 22,67; 23,00; 23,41; 23,39; 23,28; 23,15; 23,09; 23,18; 24,52; 24,65; 24,69; 26,11; 27,17; 27,62; 28,20; 28,59; 29,70; 30,80; 31,88; 33,53; 33,87; 35,49; 38,00
349;DEB34;07314;RP;;;3;Ludwigshafen am Rhein, Kreisfreie Stadt; 30,75; 31,68; 31,23; 32,32; 32,75; 34,22; 33,78; 33,51; 34,21; 35,89; 34,18; 36,15; 37,48; 39,39; 39,55; 40,51; 41,23; 42,16; 44,12; 45,45; 46,41; 45,32; 49,66; 51,30
350;DEB35;07315;RP;;;3;Mainz, Kreisfreie Stadt; 27,33; 27,88; 28,12; 28,92; 28,65; 28,50; 28,33; 28,31; 28,85; 30,29; 30,41; 30,45; 31,87; 32,86; 33,01; 33,58; 33,88; 34,47; 35,65; 36,86; 38,92; 39,41; 41,27; 43,52
351;DEB36;07316;RP;;;3;Neustadt an der Weinstraße, Kreisfreie Stadt; 22,12; 22,28; 22,47; 22,80; 22,56; 22,84; 22,79; 22,82; 22,99; 23,52; 23,52; 24,25; 24,97; 25,82; 25,77; 26,73; 27,28; 28,20; 29,18; 30,34; 31,78; 32,39; 34,94; 36,04
352;DEB37;07317;RP;;;3;Pirmasens, Kreisfreie Stadt; 21,16; 21,50; 22,02; 22,37; 23,19; 22,87; 22,49; 22,68; 23,35; 24,24; 24,45; 24,41; 25,51; 25,98; 26,33; 26,97; 27,59; 28,28; 29,15; 30,60; 31,76; 32,16; 33,71; 35,30
353;DEB38;07318;RP;;;3;Speyer, Kreisfreie Stadt; 24,60; 24,52; 24,76; 25,07; 24,96; 25,19; 24,77; 25,09; 25,40; 26,85; 27,48; 27,25; 28,42; 29,61; 29,94; 30,56; 31,07; 32,26; 33,56; 35,13; 36,03; 36,16; 37,36; 39,07
354;DEB39;07319;RP;;;3;Worms, Kreisfreie Stadt; 22,70; 23,07; 23,28; 23,32; 23,59; 23,54; 23,65; 23,95; 24,10; 24,66; 24,76; 25,32; 26,05; 27,06; 27,34; 27,67; 28,23; 29,38; 30,13; 31,23; 33,08; 33,49; 35,19; 36,45
355;DEB3A;07320;RP;;;3;Zweibrücken, Kreisfreie Stadt; 22,47; 23,29; 23,66; 24,14; 24,08; 24,23; 24,27; 24,59; 25,06; 26,66; 26,84; 27,64; 28,07; 29,44; 29,98; 30,74; 31,41; 32,63; 32,39; 34,24; 33,79; 35,70; 36,50; 39,11
356;DEB3B;07331;RP;;;3;Alzey-Worms, Landkreis; 21,34; 21,83; 22,15; 22,47; 22,61; 22,53; 22,32; 22,20; 22,43; 23,50; 24,03; 24,71; 26,03; 27,00; 27,06; 26,61; 27,06; 27,99; 28,65; 29,72; 31,05; 31,42; 33,25; 35,02
357;DEB3C;07332;RP;;;3;Bad Dürkheim, Landkreis; 21,68; 21,99; 22,18; 22,36; 22,48; 22,47; 22,18; 22,35; 22,56; 23,25; 23,27; 23,65; 24,47; 25,30; 25,71; 26,30; 26,88; 27,65; 28,18; 29,18; 30,38; 30,85; 31,88; 33,69
358;DEB3D;07333;RP;;;3;Donnersbergkreis; 22,41; 22,81; 22,91; 23,06; 23,68; 23,89; 23,57; 23,70; 23,57; 24,39; 24,99; 25,56; 26,47; 27,35; 27,79; 28,25; 29,27; 30,18; 31,37; 32,22; 33,59; 33,57; 35,72; 35,80
359;DEB3E;07334;RP;;;3;Germersheim, Landkreis; 24,22; 25,01; 25,40; 26,47; 26,80; 26,92; 27,15; 27,72; 27,51; 28,37; 28,66; 30,16; 31,00; 32,20; 32,86; 33,86; 34,56; 35,23; 37,66; 39,54; 38,02; 38,67; 40,35; 41,11
360;DEB3F;07335;RP;;;3;Kaiserslautern, Landkreis; 20,80; 21,31; 21,51; 21,53; 21,25; 21,11; 21,19; 21,29; 21,49; 22,60; 22,38; 22,68; 23,42; 24,00; 24,22; 25,03; 25,97; 27,16; 27,86; 29,00; 29,82; 30,78; 32,14; 34,02
361;DEB3G;07336;RP;;;3;Kusel, Landkreis; 21,06; 22,46; 21,97; 21,83; 22,08; 22,36; 21,62; 22,08; 22,29; 23,33; 23,39; 24,31; 25,21; 26,06; 25,62; 26,00; 27,16; 28,22; 28,90; 29,60; 31,47; 31,75; 32,72; 34,81
362;DEB3H;07337;RP;;;3;Südliche Weinstraße, Landkreis; 22,15; 22,77; 23,29; 23,61; 23,86; 23,75; 23,54; 23,46; 23,39; 23,87; 23,66; 24,20; 25,50; 26,09; 26,36; 27,44; 28,99; 29,33; 30,68; 31,15; 32,84; 33,36; 34,60; 36,09
363;DEB3I;07338;RP;;;3;Rhein-Pfalz-Kreis; 22,65; 22,87; 22,85; 22,79; 22,07; 21,97; 21,92; 21,70; 21,92; 22,73; 22,81; 23,01; 23,84; 25,08; 25,41; 26,21; 26,52; 27,14; 27,94; 29,02; 30,36; 31,26; 37,12; 35,34
364;DEB3J;07339;RP;;;3;Mainz-Bingen, Landkreis; 24,72; 25,81; 26,25; 26,27; 26,11; 26,41; 26,41; 26,51; 27,17; 28,57; 28,78; 29,19; 30,57; 31,88; 32,78; 33,80; 34,61; 35,00; 35,46; 36,63; 39,08; 39,69; 41,64; 43,66
365;DEB3K;07340;RP;;;3;Südwestpfalz, Landkreis; 20,06; 20,56; 20,47; 21,23; 20,99; 20,93; 20,63; 20,99; 21,40; 21,93; 22,07; 22,45; 22,88; 24,06; 24,24; 25,06; 25,44; 26,22; 27,16; 28,28; 29,34; 29,73; 31,21; 32,90
366;DEC;10;SL;1;2;;Saarland; 23,24; 24,11; 24,09; 24,45; 24,73; 24,97; 24,82; 25,06; 25,12; 25,92; 26,28; 26,97; 27,81; 28,88; 29,20; 29,57; 30,31; 31,20; 32,48; 33,32; 34,42; 34,55; 36,23; 38,43
367;DEC01;10041;SL;;;3;Saarbrücken, Regionalverband; 23,85; 24,65; 24,77; 25,12; 25,32; 25,49; 25,27; 25,46; 25,63; 26,43; 26,88; 27,54; 28,74; 29,82; 30,37; 30,80; 31,38; 32,05; 33,53; 34,39; 35,63; 35,66; 37,32; 39,50
368;DEC02;10042;SL;;;3;Merzig-Wadern, Landkreis; 22,10; 23,20; 22,98; 23,53; 24,20; 24,20; 24,00; 24,31; 24,38; 25,76; 25,97; 26,45; 26,47; 26,67; 27,61; 28,00; 28,75; 29,60; 31,03; 31,68; 32,19; 32,45; 34,13; 35,65
369;DEC03;10043;SL;;;3;Neunkirchen, Landkreis; 21,27; 21,88; 22,03; 22,36; 22,44; 22,65; 22,48; 22,73; 22,75; 23,68; 23,74; 24,19; 25,41; 25,41; 26,15; 26,51; 27,69; 28,50; 29,77; 30,70; 31,37; 31,79; 33,11; 34,92
370;DEC04;10044;SL;;;3;Saarlouis, Landkreis; 23,52; 24,75; 24,10; 24,45; 24,99; 25,24; 25,08; 25,21; 25,06; 26,07; 26,41; 27,11; 27,48; 29,21; 28,93; 29,15; 29,89; 31,17; 31,82; 32,57; 33,24; 33,16; 35,25; 37,98
371;DEC05;10045;SL;;;3;Saarpfalz-Kreis; 24,11; 24,98; 25,14; 25,54; 25,70; 26,24; 26,29; 26,72; 26,84; 26,87; 27,23; 28,51; 29,14; 30,42; 30,66; 30,92; 31,75; 32,89; 34,36; 35,25; 36,35; 36,72; 38,25; 40,55
372;DEC06;10046;SL;;;3;St. Wendel, Landkreis; 20,80; 21,27; 21,58; 21,91; 21,88; 22,19; 22,07; 22,25; 22,41; 23,55; 23,85; 23,84; 24,86; 26,24; 25,65; 26,33; 27,24; 27,98; 29,41; 30,27; 32,85; 32,91; 34,46; 36,51
373;DED;14;SN;1;;;Sachsen; 16,29; 16,93; 17,39; 17,86; 17,94; 18,16; 18,09; 18,32; 19,23; 20,15; 20,43; 20,93; 21,99; 22,62; 23,36; 24,40; 25,30; 26,15; 27,44; 28,71; 30,24; 30,71; 32,77; 35,01
374;DED2;146;SN;;2;;Dresden, NUTS 2-Region; 16,55; 17,22; 17,72; 18,22; 18,31; 18,51; 18,46; 18,71; 19,68; 20,54; 20,83; 21,23; 22,35; 22,88; 23,69; 24,70; 25,57; 26,41; 27,75; 28,98; 30,58; 31,13; 33,19; 35,43
375;DED21;14612;SN;;;3;Dresden, Kreisfreie Stadt; 18,28; 19,00; 19,57; 20,16; 20,28; 20,52; 20,45; 20,72; 21,90; 22,59; 23,05; 23,42; 24,68; 25,21; 26,12; 27,21; 28,19; 29,04; 30,47; 31,79; 33,57; 34,26; 36,35; 38,58
376;DED2C;14625;SN;;;3;Bautzen, Landkreis; 15,59; 16,16; 16,56; 16,97; 17,05; 17,14; 17,03; 17,27; 18,11; 19,08; 19,34; 19,70; 20,73; 21,31; 21,89; 22,80; 23,54; 24,40; 25,86; 27,01; 28,50; 28,79; 30,90; 33,14
377;DED2D;14626;SN;;;3;Görlitz, Landkreis; 15,27; 15,83; 16,31; 16,68; 16,78; 16,86; 16,70; 16,88; 17,71; 18,87; 18,86; 19,34; 20,31; 20,92; 21,71; 22,72; 23,43; 24,23; 25,08; 26,17; 27,62; 27,83; 29,80; 32,03
378;DED2E;14627;SN;;;3;Meißen, Landkreis; 16,09; 16,74; 17,16; 17,64; 17,66; 17,93; 17,97; 18,25; 19,11; 20,00; 20,24; 20,60; 21,63; 22,01; 22,85; 23,83; 24,70; 25,49; 26,78; 27,95; 29,47; 30,06; 31,95; 34,07
379;DED2F;14628;SN;;;3;Sächsische Schweiz-Osterzgebirge, Landkreis; 15,16; 15,70; 16,13; 16,53; 16,56; 16,71; 16,64; 16,84; 17,60; 18,50; 18,63; 19,09; 20,04; 20,52; 21,27; 22,17; 23,03; 23,83; 25,21; 26,39; 27,66; 28,49; 30,42; 32,62
380;DED4;145;SN;;2;;Chemnitz, NUTS 2-Region; 15,47; 16,06; 16,47; 16,90; 16,95; 17,18; 17,11; 17,36; 18,24; 19,19; 19,50; 20,08; 21,10; 21,75; 22,47; 23,39; 24,24; 25,07; 26,22; 27,52; 28,86; 29,24; 31,20; 33,36
381;DED41;14511;SN;;;3;Chemnitz, Kreisfreie Stadt; 17,12; 17,68; 18,09; 18,57; 18,68; 18,92; 18,83; 19,03; 19,91; 20,93; 21,28; 21,83; 23,00; 23,67; 24,47; 25,37; 26,28; 27,06; 28,36; 29,78; 31,17; 31,44; 33,52; 35,71
382;DED42;14521;SN;;;3;Erzgebirgskreis; 14,18; 14,76; 15,09; 15,47; 15,49; 15,76; 15,74; 15,99; 16,69; 17,57; 17,89; 18,28; 19,25; 19,75; 20,50; 21,49; 22,30; 23,23; 24,54; 25,63; 26,93; 27,38; 29,37; 31,36
383;DED43;14522;SN;;;3;Mittelsachsen, Landkreis; 15,10; 15,70; 16,10; 16,52; 16,54; 16,78; 16,77; 17,06; 17,90; 18,75; 19,12; 19,73; 20,68; 21,01; 21,67; 22,61; 23,29; 24,22; 25,44; 26,62; 28,09; 28,53; 30,58; 32,46
384;DED44;14523;SN;;;3;Vogtlandkreis; 15,18; 15,74; 16,15; 16,56; 16,59; 16,83; 16,79; 17,05; 17,92; 18,87; 18,92; 19,41; 20,26; 20,72; 21,34; 22,25; 22,94; 23,73; 24,87; 26,03; 27,54; 27,94; 29,91; 31,83
385;DED45;14524;SN;;;3;Zwickau, Landkreis; 15,70; 16,31; 16,77; 17,27; 17,32; 17,48; 17,31; 17,53; 18,62; 19,63; 20,01; 20,83; 21,93; 23,10; 23,83; 24,71; 25,82; 26,52; 27,32; 28,91; 29,97; 30,32; 32,02; 34,67
386;DED5;147;SN;;2;;Leipzig, NUTS 2-Region; 17,15; 17,79; 18,25; 18,75; 18,85; 19,07; 18,95; 19,12; 19,96; 20,92; 21,16; 21,66; 22,66; 23,41; 24,07; 25,32; 26,30; 27,19; 28,56; 29,84; 31,49; 31,91; 34,06; 36,40
387;DED51;14713;SN;;;3;Leipzig, Kreisfreie Stadt; 18,38; 19,01; 19,47; 19,98; 20,14; 20,32; 20,15; 20,29; 21,16; 22,23; 22,37; 22,89; 23,87; 24,67; 25,27; 26,69; 27,71; 28,60; 30,08; 31,37; 33,03; 33,45; 35,63; 37,94
388;DED52;14729;SN;;;3;Leipzig, Landkreis; 15,41; 15,98; 16,42; 16,85; 16,87; 17,13; 17,07; 17,31; 18,03; 18,83; 19,17; 19,67; 20,51; 21,03; 21,69; 22,48; 23,38; 24,23; 25,41; 26,63; 28,22; 28,76; 30,61; 32,98
389;DED53;14730;SN;;;3;Nordsachsen, Landkreis; 15,47; 16,07; 16,49; 16,95; 16,93; 17,11; 16,98; 17,16; 18,01; 18,76; 19,17; 19,62; 20,78; 21,51; 22,27; 23,34; 24,23; 25,08; 26,21; 27,51; 29,11; 29,38; 31,70; 33,98
390;DEE;15;ST;1;2;;Sachsen-Anhalt; 15,42; 15,84; 16,31; 16,79; 16,90; 17,19; 17,04; 17,09; 17,99; 19,05; 19,38; 19,98; 21,08; 21,68; 22,51; 23,32; 24,16; 25,05; 26,10; 27,25; 28,87; 29,25; 31,25; 33,42
391;DEE01;15001;ST;;;3;Dessau-Roßlau, Kreisfreie Stadt; 15,81; 16,21; 16,65; 16,96; 17,09; 17,43; 17,32; 17,28; 18,43; 19,71; 19,99; 20,71; 21,66; 22,29; 23,40; 24,14; 25,11; 25,89; 27,09; 28,19; 29,78; 30,32; 32,33; 34,19
392;DEE02;15002;ST;;;3;Halle (Saale), Kreisfreie Stadt; 16,79; 17,19; 17,79; 18,34; 18,52; 18,82; 18,34; 18,23; 19,46; 20,61; 20,94; 21,45; 22,83; 23,50; 24,34; 25,30; 26,08; 27,03; 28,04; 29,28; 31,15; 31,47; 33,23; 35,37
393;DEE03;15003;ST;;;3;Magdeburg, Landeshauptstadt, Kreisfreie Stadt; 16,19; 16,61; 17,21; 17,69; 17,88; 18,01; 17,80; 17,69; 18,74; 19,88; 20,31; 20,98; 22,43; 23,02; 23,95; 24,71; 25,68; 26,57; 27,53; 28,68; 30,55; 30,75; 32,83; 34,94
394;DEE04;15081;ST;;;3;Altmarkkreis Salzwedel; 14,52; 15,16; 15,62; 16,03; 16,02; 16,34; 16,27; 16,29; 17,30; 18,17; 18,22; 18,45; 19,72; 20,71; 21,43; 22,15; 23,04; 23,41; 24,51; 25,66; 27,17; 27,37; 29,13; 31,37
395;DEE05;15082;ST;;;3;Anhalt-Bitterfeld, Landkreis; 14,72; 15,13; 15,56; 16,12; 16,22; 16,63; 16,70; 17,96; 18,71; 18,81; 19,17; 19,73; 20,45; 20,79; 21,71; 22,47; 23,10; 24,12; 25,23; 26,41; 27,78; 28,11; 30,26; 32,81
396;DEE06;15086;ST;;;3;Jerichower Land, Landkreis; 14,63; 14,90; 15,32; 15,68; 15,80; 16,08; 16,03; 16,06; 16,64; 17,99; 18,22; 19,12; 20,33; 20,98; 21,85; 22,49; 23,13; 24,05; 25,24; 26,57; 27,94; 28,32; 30,18; 32,38
397;DEE07;15083;ST;;;3;Börde, Landkreis; 15,28; 15,72; 16,16; 16,56; 16,79; 17,18; 17,09; 17,13; 17,94; 19,15; 19,43; 20,48; 21,35; 21,94; 22,79; 23,62; 24,23; 25,03; 26,12; 27,15; 28,43; 28,85; 30,75; 32,74
398;DEE08;15084;ST;;;3;Burgenlandkreis; 14,91; 15,45; 15,90; 16,43; 16,52; 16,81; 16,72; 16,67; 17,47; 18,55; 19,03; 19,78; 20,88; 21,46; 22,08; 22,84; 23,60; 24,39; 25,39; 26,62; 28,22; 28,25; 30,42; 32,48
399;DEE09;15085;ST;;;3;Harz, Landkreis; 15,16; 15,54; 15,94; 16,40; 16,41; 16,79; 16,74; 16,81; 17,57; 18,58; 18,78; 19,19; 20,17; 20,63; 21,39; 22,20; 23,02; 23,87; 24,93; 25,99; 27,49; 28,16; 29,92; 31,95
400;DEE0A;15087;ST;;;3;Mansfeld-Südharz, Landkreis; 14,69; 14,98; 15,46; 15,94; 15,89; 16,14; 15,98; 15,86; 16,53; 17,46; 17,82; 18,35; 19,45; 19,91; 20,67; 21,50; 22,35; 23,24; 24,19; 25,07; 26,62; 27,14; 29,22; 31,40
401;DEE0B;15088;ST;;;3;Saalekreis; 15,52; 16,10; 16,59; 17,19; 17,33; 17,76; 17,68; 17,76; 18,79; 20,04; 20,49; 21,01; 21,86; 22,42; 23,24; 23,84; 25,03; 26,09; 27,28; 28,57; 30,06; 30,59; 33,07; 35,14
402;DEE0C;15089;ST;;;3;Salzlandkreis; 15,12; 15,43; 15,83; 16,31; 16,42; 16,63; 16,37; 16,41; 17,23; 18,35; 18,56; 19,00; 20,05; 20,65; 21,47; 22,42; 23,16; 24,25; 25,27; 26,49; 28,13; 28,57; 30,42; 33,02
403;DEE0D;15090;ST;;;3;Stendal, Landkreis; 14,74; 15,08; 15,36; 15,81; 15,92; 16,18; 16,08; 15,94; 16,71; 17,75; 17,87; 18,59; 19,68; 20,49; 21,21; 22,11; 22,84; 23,79; 24,80; 25,89; 27,55; 28,07; 30,04; 32,04
404;DEE0E;15091;ST;;;3;Wittenberg, Landkreis; 14,70; 15,12; 15,56; 15,93; 15,96; 16,12; 16,04; 15,94; 16,70; 17,90; 18,47; 18,79; 19,86; 20,55; 21,49; 22,44; 23,25; 23,96; 24,99; 25,82; 27,57; 27,91; 30,00; 32,29
405;DEF;01;SH;1;2;;Schleswig-Holstein; 21,56; 22,01; 22,39; 22,89; 22,81; 22,88; 22,36; 22,55; 23,01; 23,80; 23,83; 24,37; 25,25; 26,02; 26,35; 27,04; 27,59; 28,38; 29,64; 30,67; 31,95; 32,21; 33,90; 35,97
406;DEF01;01001;SH;;;3;Flensburg, Kreisfreie Stadt; 21,55; 22,08; 22,84; 23,46; 23,20; 22,96; 22,35; 22,51; 23,00; 23,50; 23,38; 23,85; 25,02; 25,53; 25,80; 26,61; 26,74; 28,02; 29,52; 30,53; 31,44; 32,22; 34,16; 35,94
407;DEF02;01002;SH;;;3;Kiel, Landeshauptstadt, Kreisfreie Stadt; 23,40; 23,90; 24,54; 25,33; 25,26; 25,26; 24,38; 24,46; 25,04; 26,09; 26,20; 26,72; 27,69; 28,20; 28,92; 30,07; 30,47; 31,51; 32,74; 33,89; 35,32; 35,46; 37,43; 39,53
408;DEF03;01003;SH;;;3;Lübeck, Hansestadt, Kreisfreie Stadt; 21,81; 22,13; 22,48; 22,87; 22,86; 22,86; 22,40; 22,50; 23,31; 23,83; 24,02; 24,66; 25,65; 26,38; 27,21; 27,47; 29,02; 29,11; 30,62; 31,95; 33,64; 33,82; 35,43; 37,62
409;DEF04;01004;SH;;;3;Neumünster, Kreisfreie Stadt; 21,55; 21,78; 22,37; 22,50; 22,53; 22,27; 21,72; 22,23; 22,63; 23,34; 23,18; 23,79; 24,59; 25,95; 25,98; 26,72; 27,10; 27,95; 29,07; 30,33; 31,50; 31,95; 33,28; 35,37
410;DEF05;01051;SH;;;3;Dithmarschen, Kreis; 21,89; 22,30; 22,53; 22,77; 22,65; 22,72; 22,27; 22,37; 22,80; 23,47; 23,26; 24,14; 24,81; 25,25; 25,62; 26,09; 26,75; 27,36; 28,57; 29,39; 30,69; 30,99; 32,56; 34,38
411;DEF06;01053;SH;;;3;Herzogtum Lauenburg, Kreis; 20,94; 21,43; 21,71; 22,01; 21,91; 21,96; 21,53; 21,86; 22,67; 23,12; 22,66; 23,90; 24,57; 25,44; 25,99; 26,65; 27,18; 27,98; 29,11; 30,32; 31,58; 32,06; 33,72; 36,13
412;DEF07;01054;SH;;;3;Nordfriesland, Kreis; 19,47; 19,80; 20,14; 20,64; 20,54; 20,78; 20,44; 20,55; 20,59; 21,72; 21,92; 22,52; 23,45; 24,33; 24,31; 25,07; 25,36; 26,25; 27,16; 27,86; 29,05; 29,32; 30,82; 32,96
413;DEF08;01055;SH;;;3;Ostholstein, Kreis; 19,39; 19,56; 19,89; 20,26; 20,24; 20,33; 19,90; 20,21; 20,67; 21,25; 21,26; 21,70; 22,72; 23,25; 23,56; 24,21; 24,77; 25,72; 26,82; 27,76; 29,17; 29,52; 31,08; 33,11
414;DEF09;01056;SH;;;3;Pinneberg, Kreis; 22,20; 22,89; 23,30; 23,95; 24,09; 24,29; 23,95; 24,21; 24,59; 25,86; 25,56; 25,78; 26,58; 27,76; 27,37; 28,14; 28,73; 29,27; 30,82; 31,55; 32,89; 33,33; 34,56; 36,41
415;DEF0A;01057;SH;;;3;Plön, Kreis; 19,34; 19,82; 20,14; 20,59; 20,56; 20,79; 20,19; 20,83; 20,74; 21,84; 22,00; 22,43; 23,17; 23,81; 24,32; 24,93; 25,21; 25,80; 26,88; 27,88; 29,01; 29,46; 31,22; 33,19
416;DEF0B;01058;SH;;;3;Rendsburg-Eckernförde, Kreis; 20,59; 20,97; 21,35; 21,84; 21,72; 21,79; 21,33; 21,48; 21,59; 22,75; 23,04; 23,68; 24,54; 25,44; 25,80; 26,57; 26,72; 27,57; 28,74; 29,65; 30,75; 31,03; 32,80; 35,00
417;DEF0C;01059;SH;;;3;Schleswig-Flensburg, Kreis; 20,12; 20,46; 20,73; 21,08; 20,88; 20,92; 20,34; 20,49; 20,60; 21,64; 21,72; 22,11; 22,96; 23,49; 24,00; 24,53; 25,12; 25,91; 26,94; 27,72; 28,95; 28,61; 30,11; 32,05
418;DEF0D;01060;SH;;;3;Segeberg, Kreis; 22,11; 22,68; 22,88; 23,53; 23,46; 23,64; 23,09; 23,12; 23,87; 24,63; 24,83; 25,03; 26,00; 26,36; 26,79; 27,39; 28,25; 29,15; 30,55; 31,78; 33,22; 33,08; 35,16; 37,31
419;DEF0E;01061;SH;;;3;Steinburg, Kreis; 21,83; 22,50; 22,98; 23,21; 23,02; 23,03; 22,51; 22,70; 23,02; 23,71; 23,53; 23,91; 24,64; 25,84; 25,72; 26,45; 26,80; 27,40; 28,69; 29,59; 30,52; 30,87; 32,90; 34,89
420;DEF0F;01062;SH;;;3;Stormarn, Kreis; 23,19; 23,69; 23,79; 24,27; 24,06; 24,22; 23,78; 23,97; 24,70; 24,63; 24,83; 25,48; 26,31; 27,42; 27,50; 28,02; 28,35; 29,43; 30,64; 31,87; 32,96; 33,41; 35,17; 37,35
421;DEG;16;TH;1;2;;Thüringen; 15,56; 16,16; 16,68; 17,18; 17,30; 17,58; 17,49; 17,72; 18,54; 19,35; 19,50; 19,99; 21,12; 21,92; 22,70; 23,44; 24,36; 25,38; 26,58; 27,87; 29,10; 29,73; 31,84; 34,03
422;DEG01;16051;TH;;;3;Erfurt, Kreisfreie Stadt; 17,04; 17,55; 18,13; 18,79; 18,95; 19,17; 19,03; 19,21; 19,96; 20,90; 21,18; 21,66; 23,18; 23,92; 24,72; 25,27; 26,43; 27,35; 28,52; 29,74; 31,09; 31,63; 33,75; 35,88
423;DEG02;16052;TH;;;3;Gera, Kreisfreie Stadt; 15,46; 16,01; 16,62; 17,10; 17,47; 17,49; 17,22; 17,22; 17,94; 19,03; 19,02; 19,62; 20,99; 21,70; 22,61; 23,60; 24,49; 25,51; 26,40; 27,67; 28,94; 29,55; 31,59; 34,02
424;DEG03;16053;TH;;;3;Jena, Kreisfreie Stadt; 18,45; 19,14; 19,91; 20,50; 20,65; 21,13; 20,87; 21,01; 21,80; 22,97; 23,08; 23,35; 24,76; 25,90; 26,80; 27,58; 28,63; 29,98; 31,39; 33,13; 34,56; 35,71; 37,77; 40,32
425;DEG05;16055;TH;;;3;Weimar, Kreisfreie Stadt; 16,60; 17,18; 17,61; 18,13; 18,45; 18,74; 18,40; 18,39; 19,64; 20,61; 21,04; 21,09; 22,25; 23,25; 24,20; 25,06; 26,03; 27,38; 28,52; 29,60; 31,14; 31,73; 33,78; 35,57
426;DEG06x;16061;TH;;;3;Eichsfeld, Landkreis; 14,88; 15,50; 15,96; 16,40; 16,39; 16,66; 16,52; 16,70; 17,55; 18,09; 18,10; 18,49; 19,55; 20,53; 21,23; 21,92; 22,93; 23,79; 25,49; 26,87; 27,56; 28,20; 30,45; 32,17
427;DEG07;16062;TH;;;3;Nordhausen, Landkreis; 15,40; 16,02; 16,43; 16,68; 16,80; 17,13; 17,00; 17,18; 18,20; 19,38; 19,39; 19,82; 20,61; 21,37; 22,22; 22,93; 23,84; 24,63; 25,83; 27,11; 28,25; 28,95; 30,89; 33,47
428;DEG09x;16064;TH;;;3;Unstrut-Hainich-Kreis; 14,94; 15,40; 15,83; 16,35; 16,55; 16,91; 16,70; 16,83; 17,59; 18,18; 18,42; 18,97; 19,81; 20,47; 21,14; 22,06; 22,98; 23,80; 24,80; 26,14; 27,24; 28,00; 30,08; 32,25
429;DEG0A;16065;TH;;;3;Kyffhäuserkreis; 14,97; 15,51; 15,98; 16,70; 16,86; 17,21; 17,11; 17,54; 17,59; 18,35; 18,52; 19,55; 20,17; 21,10; 21,79; 22,47; 23,10; 24,07; 25,28; 26,50; 28,04; 28,35; 30,56; 32,59
430;DEG0C;16067;TH;;;3;Gotha, Landkreis; 14,90; 15,43; 15,87; 16,34; 16,51; 16,89; 16,87; 17,21; 17,89; 18,62; 18,93; 19,47; 20,55; 21,36; 22,30; 22,68; 23,62; 24,68; 25,70; 26,96; 28,16; 28,64; 30,64; 32,72
431;DEG0D;16068;TH;;;3;Sömmerda, Landkreis; 14,92; 15,66; 16,03; 16,39; 16,58; 16,67; 16,63; 17,01; 17,94; 18,10; 17,82; 18,32; 19,82; 20,62; 20,95; 22,10; 22,96; 24,36; 25,39; 26,77; 27,51; 27,85; 29,90; 31,70
432;DEG0E;16069;TH;;;3;Hildburghausen, Landkreis; 14,59; 15,23; 15,55; 15,95; 16,05; 16,35; 16,13; 16,53; 17,33; 17,92; 18,13; 18,50; 19,36; 20,02; 20,88; 21,63; 22,81; 23,69; 24,61; 26,11; 26,93; 27,86; 29,75; 32,02
433;DEG0G;16071;TH;;;3;Weimarer Land, Landkreis; 15,24; 15,87; 16,37; 16,93; 16,92; 17,16; 16,96; 17,25; 18,35; 19,01; 19,17; 19,86; 20,83; 21,46; 22,16; 23,08; 23,80; 24,51; 25,69; 27,00; 28,57; 29,19; 31,07; 32,88
434;DEG0J;16074;TH;;;3;Saale-Holzland-Kreis; 15,19; 15,74; 16,02; 16,48; 16,59; 16,85; 16,76; 17,02; 17,83; 18,61; 18,99; 19,40; 20,11; 20,83; 21,36; 22,17; 22,99; 24,10; 25,21; 25,95; 27,44; 28,12; 30,18; 32,39
435;DEG0K;16075;TH;;;3;Saale-Orla-Kreis; 14,21; 14,78; 15,17; 15,55; 15,76; 15,97; 15,89; 16,22; 17,00; 17,78; 17,74; 18,20; 19,28; 19,94; 20,35; 21,20; 22,00; 23,07; 24,39; 25,34; 26,29; 26,87; 28,99; 31,24
436;DEG0L;16076;TH;;;3;Greiz, Landkreis; 14,57; 15,16; 15,58; 15,87; 15,99; 16,19; 16,13; 16,46; 17,46; 18,14; 18,48; 18,74; 19,54; 20,21; 21,16; 21,79; 22,74; 23,71; 24,78; 26,08; 27,30; 27,90; 29,74; 31,80
437;DEG0M;16077;TH;;;3;Altenburger Land, Landkreis; 14,70; 15,35; 15,89; 16,34; 16,38; 16,56; 16,68; 16,79; 17,48; 18,08; 18,09; 18,29; 19,40; 20,14; 20,95; 21,78; 22,58; 23,70; 24,93; 26,19; 27,30; 27,77; 30,24; 32,37
438;DEG0Q;16066;TH;;;3;Schmalkalden-Meiningen, Landkreis; 14,77; 15,32; 15,80; 16,28; 16,41; 16,68; 16,54; 16,74; 17,69; 18,47; 18,87; 19,22; 20,22; 20,98; 21,66; 22,45; 23,29; 24,35; 25,39; 26,46; 27,42; 28,10; 30,06; 32,21
439;DEG0Rx;16063;TH;;;3;Wartburgkreis; 15,47; 16,15; 16,77; 17,27; 17,16; 17,49; 17,64; 17,98; 18,70; 19,38; 19,51; 20,42; 21,53; 22,30; 23,35; 23,94; 24,73; 25,92; 27,23; 28,38; 29,45; 30,19; 32,50; 34,90
440;DEG0S;16054;TH;;;3;Suhl, Kreisfreie Stadt; 16,24; 16,87; 17,55; 18,17; 18,21; 18,54; 18,43; 18,81; 19,84; 20,76; 20,74; 21,15; 22,11; 22,85; 23,70; 24,37; 25,31; 26,23; 27,62; 28,90; 30,26; 30,34; 33,01; 35,05
441;DEG0T;16070;TH;;;3;Ilm-Kreis; 15,78; 16,39; 16,94; 17,36; 17,39; 17,66; 17,82; 17,95; 18,94; 19,78; 19,74; 20,27; 21,75; 22,56; 22,65; 23,74; 24,51; 25,48; 26,69; 28,10; 29,47; 30,08; 31,87; 34,39
442;DEG0U;16073;TH;;;3;Saalfeld-Rudolstadt, Landkreis; 15,07; 15,67; 16,11; 16,63; 16,81; 17,26; 17,18; 17,37; 18,55; 19,35; 19,23; 19,65; 20,67; 21,38; 22,44; 23,15; 23,86; 24,76; 26,04; 27,68; 28,86; 29,22; 31,62; 33,66
443;DEG0V;16072;TH;;;3;Sonneberg, Landkreis; 14,61; 15,21; 15,61; 16,21; 16,30; 16,61; 16,48; 17,06; 17,46; 18,04; 18,04; 18,42; 19,46; 20,37; 21,09; 21,82; 22,75; 23,43; 24,71; 25,79; 27,60; 28,11; 29,94; 31,90
444;DE;17;D;0;;;Deutschland; 22,93; 23,45; 23,88; 24,43; 24,54; 24,79; 24,63; 24,81; 25,50; 26,45; 26,67; 27,38; 28,52; 29,29; 29,99; 30,77; 31,57; 32,55; 33,69; 34,95; 36,40; 36,77; 38,42; 40,73
